"Id","IsDeleted","Name","CreatedDate","CreatedById","LastModifiedDate","LastModifiedById","SystemModstamp","LastActivityDate","LastViewedDate","LastReferencedDate","ConnectionReceivedId","ConnectionSentId","LLC_BI__Product_Type__c","LLC_BI__Product_Feature__c","LLC_BI__RealEstate_Type__c","LLC_BI__RealEstate__c","LLC_BI__lookupKey__c","nPortal__External_Name__c","nPortal__Online_Application_Enabled__c","nPortal__Online_Application_Group__c","nPortal__Online_Application_Header_Text__c","nPortal__Online_Application_Subheader_Text__c","nPortal__Online_Application_Topbar_Fieldset__c","nPortal__Online_Application_Topbar_Text__c","nPortal__Online_Application_Type__c","nPortal__Online_Application_Your_Account_Fieldset__c","nPortal__Product_Marketing__c","LLC_BI__Product_Line_Name__c","LLC_BI__Product_Type_Name__c","LLC_BI__Default_App__c","LLC_BI__Screen_Section__c","LLC_BI__Deposit_Rate_Structure__c","LLC_BI__Maintenance_App__c","nPortal__Can_Pledge_Multiple_Collateral__c","nPortal__OA_Approval_Next_Steps__c","nPortal__OA_Auto_Decision_Enabled__c","nPortal__OA_Collateral_Required__c","nPortal__OA_Product_Image__c","nPortal__Online_Application_AS_Screen__c","nPortal__Suggested_Collateral_Enabled__c","LLC_BI__Institution__c","LLC_BI__Maximum_Funding_Amount__c","LLC_BI__Minimum_Funding_Amount__c","nPortal__OA_Deposit_Funding_Failure_Next_Steps__c","nPortal__OA_Deposit_Funding_Next_Steps__c","nPortal__Your_Products_Component_Field_Set__c","LLC_BI__Disable_Id_Document_Save__c","LLC_BI__Other_Disclosures_Description__c","LLC_BI__Other_Disclosures_Received__c","nPortal__OA_Collapsed_Offer_Card_Summary__c","nPortal__OA_Expanded_Offer_Summary_Card__c","nPortal__OA_Offers_Accepted_Next_Steps__c","nPortal__OA_Offers_Enabled__c","Product_Validation__c","LLC_BI__Maintenance_Screen_Section__c","wmx_module__c","CSiDP__lookupKey__c"
"a0u6g0000003jo0AAA","","Construction","2020-01-24T21:56:41.000Z","0056g000003hlBjAAI","2020-04-07T18:30:04.000Z","0056g000003hlBjAAI","","","","","","","a0t6g0000003IoUAAU","a0n6g000001CVGYAA4","","","PR-001","","false","","","","","","","","","","","","","","","false","","false","false","","","false","","","","","","","false","","false","","","","false","","","",""
"a0u6g0000003jo1AAA","","HELOC","2020-01-24T21:56:41.000Z","0056g000003hlBjAAI","2020-04-07T18:30:04.000Z","0056g000003hlBjAAI","","","","","","","a0t6g0000003IoVAAU","","","","PR-HELOC035644312","","false","","","","","","","","","","","","","","","false","","false","false","","","false","","","","","","","false","","false","","","","false","","","",""
"a0u6g0000003jo2AAA","","Equipment","2020-01-24T21:56:41.000Z","0056g000003hlBjAAI","2020-04-07T18:30:04.000Z","0056g000003hlBjAAI","","","","","","","a0t6g0000003IoWAAU","","","","PR-Equipme0717716","","false","","","","","","","","","","","","","","","false","","false","false","","","false","","","","","","","false","","false","","","","false","","","",""
"a0u6g0000003jo3AAA","","Term","2020-01-24T21:56:41.000Z","0056g000003hlBjAAI","2020-05-07T19:49:09.000Z","0056g000003hlBjAAI","","","","","","","a0t6g0000003IoUAAU","a0n6g0000074UScAAM","","","PR-TermLoa0874516","","false","","","","","","","","","","","","","","","false","","false","false","","","false","","","","","","","false","","false","","","","false","","","",""
"a0u6g0000003jo4AAA","","Line Of Credit","2020-01-24T21:56:41.000Z","0056g000003hlBjAAI","2020-04-07T18:30:04.000Z","0056g000003hlBjAAI","","","","","","","a0t6g0000003IoWAAU","","","","PR-LineOfC0288435","","false","","","","","","","","","","","","","","","false","","false","false","","","false","","","","","","","false","","false","","","","false","","","",""
"a0u6g0000003jo5AAA","","Line Of Credit","2020-01-24T21:56:41.000Z","0056g000003hlBjAAI","2020-04-07T18:30:04.000Z","0056g000003hlBjAAI","","","","","","","a0t6g0000003IoUAAU","","","","PR-LineOfC0084258","","false","","","","","","","","","","","","","","","false","","false","false","","","false","","","","","","","false","","false","","","","false","","","",""
"a0u6g0000003jo6AAA","","HELOC","2020-01-24T21:56:41.000Z","0056g000003hlBjAAI","2020-04-07T18:30:04.000Z","0056g000003hlBjAAI","","","","","","","a0t6g0000003IoUAAU","","","","PR-HELOC055071492","","false","","","","","","","","","","","","","","","false","","false","false","","","false","","","","","","","false","","false","","","","false","","","",""
"a0u6g0000003jo7AAA","","Purchase","2020-01-24T21:56:41.000Z","0056g000003hlBjAAI","2020-04-07T18:30:04.000Z","0056g000003hlBjAAI","","","","","","","a0t6g0000003IoUAAU","","","","PR-Purchas0945231","","false","","","","","","","","","","","","","","","false","","false","false","","","false","","","","","","","false","","false","","","","false","","","",""
"a0u6g0000003jo8AAA","","Business Checking","2020-01-24T21:56:41.000Z","0056g000003hlBjAAI","2020-04-07T18:30:04.000Z","0056g000003hlBjAAI","","","","","","","a0t6g0000003IoYAAU","","","","PR-BusChecking","","false","","","","","","","","","","","","","","","false","","false","false","","","false","","","","","","","false","","false","","","","false","","","",""
"a0u6g00000C5KddAAF","","Non Revolving - Commitment","2020-04-07T07:47:23.000Z","0056g000003hlBjAAI","2020-05-07T19:49:09.000Z","0056g000003hlBjAAI","","","","","","","a0t6g000004ikoaAAA","a0n6g0000074URcAAM","","","PR-NonRevo0451547","","false","","","","","","","","","","","","","","","false","","false","false","","","false","","","","","","","false","","false","","","","false","","","",""
"a0u6g00000C5KdeAAF","","Revolving - Commitment","2020-04-07T07:47:23.000Z","0056g000003hlBjAAI","2020-05-07T19:49:09.000Z","0056g000003hlBjAAI","","","","","","","a0t6g000004ikoaAAA","a0n6g0000074USXAA2","","","PR-Revolvi0481745","","false","","","","","","","","","","","","","","","false","","false","false","","","false","","","","","","","false","","false","","","","false","","","",""
"a0u6g00000C5KkPAAV","","Non-Revolving","2020-04-07T08:25:17.000Z","0056g000003hlBjAAI","2020-05-07T19:49:09.000Z","0056g000003hlBjAAI","","","","","","","a0t6g000004ikxPAAQ","a0n6g0000074URgAAM","","","PR-NonRevo0275618","","false","","","","","","","","","","","","","","","false","","false","false","","","false","","","","","","","false","","false","","","","false","","","",""
"a0u6g00000C5KkQAAV","","Non-Revolving Commitment","2020-04-07T08:25:19.000Z","0056g000003hlBjAAI","2020-05-07T19:49:09.000Z","0056g000003hlBjAAI","","","","","","","a0t6g000004ikxPAAQ","a0n6g0000074URhAAM","","","PR-NonRevo0398415","","false","","","","","","","","","","","","","","","false","","false","false","","","false","","","","","","","false","","false","","","","false","","","",""
"a0u6g00000C5KkRAAV","","Revolving","2020-04-07T08:25:19.000Z","0056g000003hlBjAAI","2020-05-07T19:49:09.000Z","0056g000003hlBjAAI","","","","","","","a0t6g000004ikxPAAQ","a0n6g0000074USRAA2","","","PR-Revolvi0500199","","false","","","","","","","","","","","","","","","false","","false","false","","","false","","","","","","","false","","false","","","","false","","","",""
"a0u6g00000C5KkSAAV","","Revolving Commitment","2020-04-07T08:25:19.000Z","0056g000003hlBjAAI","2020-05-07T19:49:09.000Z","0056g000003hlBjAAI","","","","","","","a0t6g000004ikxPAAQ","a0n6g0000074USZAA2","","","PR-Revolvi0844312","","false","","","","","","","","","","","","","","","false","","false","false","","","false","","","","","","","false","","false","","","","false","","","",""
"a0u6g00000C5KkTAAV","","Term","2020-04-07T08:25:19.000Z","0056g000003hlBjAAI","2020-05-07T19:49:09.000Z","0056g000003hlBjAAI","","","","","","","a0t6g000004ikxPAAQ","a0n6g0000074USeAAM","","","PR-Term0023618041","","false","","","","","","","","","","","","","","","false","","false","false","","","false","","","","","","","false","","false","","","","false","","","",""
"a0u6g00000C5KkUAAV","","Non Revolving - Commitment","2020-04-07T08:29:25.000Z","0056g000003hlBjAAI","2020-05-07T19:49:09.000Z","0056g000003hlBjAAI","","","","","","","a0t6g000004ikxUAAQ","a0n6g0000074URbAAM","","","PR-NonRevo0083519","","false","","","","","","","","","","","","","","","false","","false","false","","","false","","","","","","","false","","false","","","","false","","","",""
"a0u6g00000C5KkVAAV","","Revolving - Commitment","2020-04-07T08:29:25.000Z","0056g000003hlBjAAI","2020-05-07T19:49:09.000Z","0056g000003hlBjAAI","","","","","","","a0t6g000004ikxUAAQ","a0n6g0000074USVAA2","","","PR-Revolvi0913881","","false","","","","","","","","","","","","","","","false","","false","false","","","false","","","","","","","false","","false","","","","false","","","",""
"a0u6g00000C5KkZAAV","","Term","2020-04-07T08:32:33.000Z","0056g000003hlBjAAI","2020-05-07T19:49:09.000Z","0056g000003hlBjAAI","","","","","","","a0t6g000004ikxZAAQ","a0n6g0000074USdAAM","","","PR-Term0550742262","","false","","","","","","","","","","","","","","","false","","false","false","","","false","","","","","","","false","","false","","","","false","","","",""
"a0u6g00000C5KkaAAF","","Term - Legacy","2020-04-07T08:32:34.000Z","0056g000003hlBjAAI","2020-05-07T19:49:09.000Z","0056g000003hlBjAAI","","","","","","","a0t6g000004ikxZAAQ","a0n6g0000074USgAAM","","","PR-TermLeg0992542","","false","","","","","","","","","","","","","","","false","","false","false","","","false","","","","","","","false","","false","","","","false","","","",""
"a0u6g00000C5KkeAAF","","Non Revolving - Commitment","2020-04-07T08:35:02.000Z","0056g000003hlBjAAI","2020-05-07T19:49:09.000Z","0056g000003hlBjAAI","","","","","","","a0t6g000004iknvAAA","a0n6g0000074URaAAM","","","PR-NonRevo0441826","","false","","","","","","","","","","","","","","","false","","false","false","","","false","","","","","","","false","","false","","","","false","","","",""
"a0u6g00000C5KkfAAF","","Revolving - Commitment","2020-04-07T08:35:02.000Z","0056g000003hlBjAAI","2020-05-07T19:49:09.000Z","0056g000003hlBjAAI","","","","","","","a0t6g000004iknvAAA","a0n6g0000074USWAA2","","","PR-Revolvi0874039","","false","","","","","","","","","","","","","","","false","","false","false","","","false","","","","","","","false","","false","","","","false","","","",""
"a0u6g00000C5KnxAAF","","Non-Revolving","2020-04-07T08:37:53.000Z","0056g000003hlBjAAI","2020-05-07T19:49:09.000Z","0056g000003hlBjAAI","","","","","","","a0t6g0000003IoWAAU","a0n6g0000074UReAAM","","","PR-NonRevo0376716","","false","","","","","","","","","","","","","","","false","","false","false","","","false","","","","","","","false","","false","","","","false","","","",""
"a0u6g00000C5KnyAAF","","Non-Revolving Commitment","2020-04-07T08:37:53.000Z","0056g000003hlBjAAI","2020-05-07T19:49:09.000Z","0056g000003hlBjAAI","","","","","","","a0t6g0000003IoWAAU","a0n6g0000074URiAAM","","","PR-NonRevo0308836","","false","","","","","","","","","","","","","","","false","","false","false","","","false","","","","","","","false","","false","","","","false","","","",""
"a0u6g00000C5KnzAAF","","Revolving","2020-04-07T08:37:53.000Z","0056g000003hlBjAAI","2020-05-07T19:49:09.000Z","0056g000003hlBjAAI","","","","","","","a0t6g0000003IoWAAU","a0n6g0000074USPAA2","","","PR-Revolvi0099380","","false","","","","","","","","","","","","","","","false","","false","false","","","false","","","","","","","false","","false","","","","false","","","",""
"a0u6g00000C5Ko0AAF","","Revolving Credit Card Commitment","2020-04-07T08:37:53.000Z","0056g000003hlBjAAI","2020-05-07T19:49:09.000Z","0056g000003hlBjAAI","","","","","","","a0t6g0000003IoWAAU","a0n6g0000074USbAAM","","","PR-Revolvi0911162","","false","","","","","","","","","","","","","","","false","","false","false","","","false","","","","","","","false","","false","","","","false","","","",""
"a0u6g00000C5Ko1AAF","","Revolving Commitment","2020-04-07T08:37:54.000Z","0056g000003hlBjAAI","2020-05-07T19:49:09.000Z","0056g000003hlBjAAI","","","","","","","a0t6g0000003IoWAAU","a0n6g0000074USaAAM","","","PR-Revolvi0448339","","false","","","","","","","","","","","","","","","false","","false","false","","","false","","","","","","","false","","false","","","","false","","","",""
"a0u6g00000C5Ko2AAF","","Term - Legacy","2020-04-07T08:37:54.000Z","0056g000003hlBjAAI","2020-05-07T19:49:09.000Z","0056g000003hlBjAAI","","","","","","","a0t6g0000003IoWAAU","a0n6g0000074UShAAM","","","PR-TermLeg0263400","","false","","","","","","","","","","","","","","","false","","false","false","","","false","","","","","","","false","","false","","","","false","","","",""
"a0u6g00000C5Ko3AAF","","Term","2020-04-07T08:37:54.000Z","0056g000003hlBjAAI","2020-05-07T19:49:09.000Z","0056g000003hlBjAAI","","","","","","","a0t6g0000003IoWAAU","a0n6g0000074USfAAM","","","PR-Term0012526318","","false","","","","","","","","","","","","","","","false","","false","false","","","false","","","","","","","false","","false","","","","false","","","",""
"a0u6g00000C5Ko7AAF","","Non-Revolving","2020-04-07T08:41:03.000Z","0056g000003hlBjAAI","2020-05-07T19:49:09.000Z","0056g000003hlBjAAI","","","","","","","a0t6g000004iknwAAA","a0n6g0000074URfAAM","","","PR-NonRevo0965079","","false","","","","","","","","","","","","","","","false","","false","false","","","false","","","","","","","false","","false","","","","false","","","",""
"a0u6g00000C5Ko8AAF","","Revolving","2020-04-07T08:41:03.000Z","0056g000003hlBjAAI","2020-05-07T19:49:09.000Z","0056g000003hlBjAAI","","","","","","","a0t6g000004iknwAAA","a0n6g0000074USQAA2","","","PR-Revolvi0855974","","false","","","","","","","","","","","","","","","false","","false","false","","","false","","","","","","","false","","false","","","","false","","","",""
"a0u6g00000C5KrQAAV","","Non-Revolving","2020-04-07T08:57:48.000Z","0056g000003hlBjAAI","2020-05-07T19:49:09.000Z","0056g000003hlBjAAI","","","","","","","a0t6g0000003IoUAAU","a0n6g0000074URdAAM","","","PR-NonRevo0849062","","false","","","","","","","","","","","","","","","false","","false","false","","","false","","","","","","","false","","false","","","","false","","","",""
"a0u6g00000C5KrRAAV","","Non-Revolving Commitment","2020-04-07T08:57:48.000Z","0056g000003hlBjAAI","2020-05-07T19:49:09.000Z","0056g000003hlBjAAI","","","","","","","a0t6g0000003IoUAAU","a0n6g0000074URjAAM","","","PR-NonRevo0606536","","false","","","","","","","","","","","","","","","false","","false","false","","","false","","","","","","","false","","false","","","","false","","","",""
"a0u6g00000C5KrSAAV","","Revolving","2020-04-07T08:57:48.000Z","0056g000003hlBjAAI","2020-05-07T19:49:09.000Z","0056g000003hlBjAAI","","","","","","","a0t6g0000003IoUAAU","a0n6g0000074USSAA2","","","PR-Revolvi0297099","","false","","","","","","","","","","","","","","","false","","false","false","","","false","","","","","","","false","","false","","","","false","","","",""
"a0u6g00000C5KrTAAV","","Revolving Commitment","2020-04-07T08:57:48.000Z","0056g000003hlBjAAI","2020-05-07T19:49:09.000Z","0056g000003hlBjAAI","","","","","","","a0t6g0000003IoUAAU","a0n6g0000074USYAA2","","","PR-Revolvi0230624","","false","","","","","","","","","","","","","","","false","","false","false","","","false","","","","","","","false","","false","","","","false","","","",""
"a0u6g00000C5KrVAAV","","Revolving","2020-04-07T09:01:58.000Z","0056g000003hlBjAAI","2020-05-07T19:49:09.000Z","0056g000003hlBjAAI","","","","","","","a0t6g000004iknxAAA","a0n6g0000074USTAA2","","","PR-Revolvi0439177","","false","","","","","","","","","","","","","","","false","","false","false","","","false","","","","","","","false","","false","","","","false","","","",""
"a0u6g00000C5KrWAAV","","Term - Non Real Estate","2020-04-07T09:01:58.000Z","0056g000003hlBjAAI","2020-05-07T19:49:09.000Z","0056g000003hlBjAAI","","","","","","","a0t6g000004iknxAAA","a0n6g0000074USiAAM","","","PR-TermNon0946452","","false","","","","","","","","","","","","","","","false","","false","false","","","false","","","","","","","false","","false","","","","false","","","",""
"a0u6g00000C5KrXAAV","","Term - Real Estate","2020-04-07T09:01:58.000Z","0056g000003hlBjAAI","2020-05-07T19:49:09.000Z","0056g000003hlBjAAI","","","","","","","a0t6g000004iknxAAA","a0n6g0000074USjAAM","","","PR-TermRea0425019","","false","","","","","","","","","","","","","","","false","","false","false","","","false","","","","","","","false","","false","","","","false","","","",""
"a0u6g00000C5KraAAF","","Non Revolving - Commitment","2020-04-07T09:02:52.000Z","0056g000003hlBjAAI","2020-05-07T19:49:09.000Z","0056g000003hlBjAAI","","","","","","","a0t6g000004iknyAAA","a0n6g0000074URZAA2","","","PR-NonRevo0582737","","false","","","","","","","","","","","","","","","false","","false","false","","","false","","","","","","","false","","false","","","","false","","","",""
"a0u6g00000C5KrbAAF","","Revolving - Commitment","2020-04-07T09:02:53.000Z","0056g000003hlBjAAI","2020-05-07T19:49:09.000Z","0056g000003hlBjAAI","","","","","","","a0t6g000004iknyAAA","a0n6g0000074USUAA2","","","PR-Revolvi0455057","","false","","","","","","","","","","","","","","","false","","false","false","","","false","","","","","","","false","","false","","","","false","","","",""
"a0u6g00000C5KrfAAF","","Mortgage Non Revolving - Commitment","2020-04-07T09:07:13.000Z","0056g000003hlBjAAI","2020-05-07T19:49:09.000Z","0056g000003hlBjAAI","","","","","","","a0t6g000004iko0AAA","a0n6g0000074URTAA2","","","PR-Mortgag0871146","","false","","","","","","","","","","","","","","","false","","false","false","","","false","","","","","","","false","","false","","","","false","","","",""
"a0u6g00000C5KrkAAF","","Consumer-Life CO 1","2020-04-07T09:07:55.000Z","0056g000003hlBjAAI","2020-05-07T19:49:09.000Z","0056g000003hlBjAAI","","","","","","","a0t6g0000003IoXAAU","a0n6g0000074UQzAAM","","","PR-Consume0367222","","false","","","","","","","","","","","","","","","false","","false","false","","","false","","","","","","","false","","false","","","","false","","","",""
"a0u6g00000C5KrlAAF","","Direct & Indirect Auto","2020-04-07T09:07:55.000Z","0056g000003hlBjAAI","2020-05-07T19:49:09.000Z","0056g000003hlBjAAI","","","","","","","a0t6g0000003IoXAAU","a0n6g0000074UR0AAM","","","PR-DirectI0763372","","false","","","","","","","","","","","","","","","false","","false","false","","","false","","","","","","","false","","false","","","","false","","","",""
"a0u6g00000C5KrmAAF","","Overdraft Protection","2020-04-07T09:07:55.000Z","0056g000003hlBjAAI","2020-05-07T19:49:09.000Z","0056g000003hlBjAAI","","","","","","","a0t6g0000003IoXAAU","a0n6g0000074URkAAM","","","PR-Overdra0661756","","false","","","","","","","","","","","","","","","false","","false","false","","","false","","","","","","","false","","false","","","","false","","","",""
"a0u6g00000C5KrnAAF","","Overdraft Protection Revolving","2020-04-07T09:07:55.000Z","0056g000003hlBjAAI","2020-05-07T19:49:09.000Z","0056g000003hlBjAAI","","","","","","","a0t6g0000003IoXAAU","a0n6g0000074URlAAM","","","PR-Overdra0656620","","false","","","","","","","","","","","","","","","false","","false","false","","","false","","","","","","","false","","false","","","","false","","","",""
"a0u6g00000C5KroAAF","","PCL Average Non Revolving","2020-04-07T09:07:55.000Z","0056g000003hlBjAAI","2020-05-07T19:49:09.000Z","0056g000003hlBjAAI","","","","","","","a0t6g0000003IoXAAU","a0n6g0000074URmAAM","","","PR-PCLAver0492276","","false","","","","","","","","","","","","","","","false","","false","false","","","false","","","","","","","false","","false","","","","false","","","",""
"a0u6g00000C5KrpAAF","","PCL Average Revolving","2020-04-07T09:07:55.000Z","0056g000003hlBjAAI","2020-05-07T19:49:09.000Z","0056g000003hlBjAAI","","","","","","","a0t6g0000003IoXAAU","a0n6g0000074URnAAM","","","PR-PCLAver0224496","","false","","","","","","","","","","","","","","","false","","false","false","","","false","","","","","","","false","","false","","","","false","","","",""
"a0u6g00000C5KrqAAF","","PCL Simple Revolving","2020-04-07T09:07:55.000Z","0056g000003hlBjAAI","2020-05-07T19:49:09.000Z","0056g000003hlBjAAI","","","","","","","a0t6g0000003IoXAAU","a0n6g0000074URoAAM","","","PR-PCLSimp0052687","","false","","","","","","","","","","","","","","","false","","false","false","","","false","","","","","","","false","","false","","","","false","","","",""
"a0u6g00000C5KruAAF","","PCR Average 15 Days Non Revolving","2020-04-07T09:12:33.000Z","0056g000003hlBjAAI","2020-05-07T19:49:09.000Z","0056g000003hlBjAAI","","","","","","","a0t6g0000003IoXAAU","a0n6g0000074URrAAM","","","PR-PCRAver0863138","","false","","","","","","","","","","","","","","","false","","false","false","","","false","","","","","","","false","","false","","","","false","","","",""
"a0u6g00000C5KrvAAF","","PCR Average 15 Days Revolving","2020-04-07T09:12:33.000Z","0056g000003hlBjAAI","2020-05-07T19:49:09.000Z","0056g000003hlBjAAI","","","","","","","a0t6g0000003IoXAAU","a0n6g0000074URsAAM","","","PR-PCRAver0820740","","false","","","","","","","","","","","","","","","false","","false","false","","","false","","","","","","","false","","false","","","","false","","","",""
"a0u6g00000C5KrwAAF","","PCR AVG 1 Day to Due Revolving","2020-04-07T09:12:33.000Z","0056g000003hlBjAAI","2020-05-07T19:49:09.000Z","0056g000003hlBjAAI","","","","","","","a0t6g0000003IoXAAU","a0n6g0000074US0AAM","","","PR-PCRAVG10331212","","false","","","","","","","","","","","","","","","false","","false","false","","","false","","","","","","","false","","false","","","","false","","","",""
"a0u6g00000C5KrxAAF","","PCR Average 10 Days to Due Non Revolving","2020-04-07T09:12:33.000Z","0056g000003hlBjAAI","2020-05-07T19:49:09.000Z","0056g000003hlBjAAI","","","","","","","a0t6g0000003IoXAAU","a0n6g0000074URpAAM","","","PR-PCRAver0757425","","false","","","","","","","","","","","","","","","false","","false","false","","","false","","","","","","","false","","false","","","","false","","","",""
"a0u6g00000C5KryAAF","","PCR AVG 10 Day to Due Revolving","2020-04-07T09:12:33.000Z","0056g000003hlBjAAI","2020-05-07T19:49:09.000Z","0056g000003hlBjAAI","","","","","","","a0t6g0000003IoXAAU","a0n6g0000074US1AAM","","","PR-PCRAVG10050039","","false","","","","","","","","","","","","","","","false","","false","false","","","false","","","","","","","false","","false","","","","false","","","",""
"a0u6g00000C5KrzAAF","","PCR Average 12 Days to Due Non Revolving","2020-04-07T09:12:33.000Z","0056g000003hlBjAAI","2020-05-07T19:49:09.000Z","0056g000003hlBjAAI","","","","","","","a0t6g0000003IoXAAU","a0n6g0000074URqAAM","","","PR-PCRAver0452897","","false","","","","","","","","","","","","","","","false","","false","false","","","false","","","","","","","false","","false","","","","false","","","",""
"a0u6g00000C5Ks0AAF","","PCR AVG 12 Day to Due Revolving","2020-04-07T09:12:34.000Z","0056g000003hlBjAAI","2020-05-07T19:49:09.000Z","0056g000003hlBjAAI","","","","","","","a0t6g0000003IoXAAU","a0n6g0000074US2AAM","","","PR-PCRAVG10316992","","false","","","","","","","","","","","","","","","false","","false","false","","","false","","","","","","","false","","false","","","","false","","","",""
"a0u6g00000C5Ks1AAF","","PCR Average 15 Days to Due Non Revolving","2020-04-07T09:12:34.000Z","0056g000003hlBjAAI","2020-05-07T19:49:09.000Z","0056g000003hlBjAAI","","","","","","","a0t6g0000003IoXAAU","a0n6g0000074URtAAM","","","PR-PCRAver0623443","","false","","","","","","","","","","","","","","","false","","false","false","","","false","","","","","","","false","","false","","","","false","","","",""
"a0u6g00000C5Ks2AAF","","PCR AVG 15 Day to Due Revolving","2020-04-07T09:12:34.000Z","0056g000003hlBjAAI","2020-05-07T19:49:09.000Z","0056g000003hlBjAAI","","","","","","","a0t6g0000003IoXAAU","a0n6g0000074US3AAM","","","PR-PCRAVG10020087","","false","","","","","","","","","","","","","","","false","","false","false","","","false","","","","","","","false","","false","","","","false","","","",""
"a0u6g00000C5Ks3AAF","","PCR Average 18 Days to Due Non Revolving","2020-04-07T09:12:34.000Z","0056g000003hlBjAAI","2020-05-07T19:49:09.000Z","0056g000003hlBjAAI","","","","","","","a0t6g0000003IoXAAU","a0n6g0000074URuAAM","","","PR-PCRAver0028984","","false","","","","","","","","","","","","","","","false","","false","false","","","false","","","","","","","false","","false","","","","false","","","",""
"a0u6g00000C5Ks4AAF","","PCR AVG 18 Day to Due Revolving","2020-04-07T09:12:34.000Z","0056g000003hlBjAAI","2020-05-07T19:49:09.000Z","0056g000003hlBjAAI","","","","","","","a0t6g0000003IoXAAU","a0n6g0000074US4AAM","","","PR-PCRAVG10340553","","false","","","","","","","","","","","","","","","false","","false","false","","","false","","","","","","","false","","false","","","","false","","","",""
"a0u6g00000C5Ks5AAF","","PCR Average 2 Days to Due Non Revolving","2020-04-07T09:12:34.000Z","0056g000003hlBjAAI","2020-05-07T19:49:09.000Z","0056g000003hlBjAAI","","","","","","","a0t6g0000003IoXAAU","a0n6g0000074URvAAM","","","PR-PCRAver0462892","","false","","","","","","","","","","","","","","","false","","false","false","","","false","","","","","","","false","","false","","","","false","","","",""
"a0u6g00000C5Ks6AAF","","PCR AVG 2 Day to Due Revolving","2020-04-07T09:12:34.000Z","0056g000003hlBjAAI","2020-05-07T19:49:09.000Z","0056g000003hlBjAAI","","","","","","","a0t6g0000003IoXAAU","a0n6g0000074US5AAM","","","PR-PCRAVG20307928","","false","","","","","","","","","","","","","","","false","","false","false","","","false","","","","","","","false","","false","","","","false","","","",""
"a0u6g00000C5Ks7AAF","","PCR Average 24 Days to Due Non Revolving","2020-04-07T09:12:34.000Z","0056g000003hlBjAAI","2020-05-07T19:49:09.000Z","0056g000003hlBjAAI","","","","","","","a0t6g0000003IoXAAU","a0n6g0000074URwAAM","","","PR-PCRAver0042289","","false","","","","","","","","","","","","","","","false","","false","false","","","false","","","","","","","false","","false","","","","false","","","",""
"a0u6g00000C5Ks8AAF","","PCR AVG 24 Day to Due Revolving","2020-04-07T09:12:34.000Z","0056g000003hlBjAAI","2020-05-07T19:49:09.000Z","0056g000003hlBjAAI","","","","","","","a0t6g0000003IoXAAU","a0n6g0000074US6AAM","","","PR-PCRAVG20654446","","false","","","","","","","","","","","","","","","false","","false","false","","","false","","","","","","","false","","false","","","","false","","","",""
"a0u6g00000C5Ks9AAF","","PCR Average 25 Days to Due Non Revolving","2020-04-07T09:12:34.000Z","0056g000003hlBjAAI","2020-05-07T19:49:09.000Z","0056g000003hlBjAAI","","","","","","","a0t6g0000003IoXAAU","a0n6g0000074URxAAM","","","PR-PCRAver0594390","","false","","","","","","","","","","","","","","","false","","false","false","","","false","","","","","","","false","","false","","","","false","","","",""
"a0u6g00000C5KsAAAV","","PCR AVG 25 Day to Due Revolving","2020-04-07T09:12:34.000Z","0056g000003hlBjAAI","2020-05-07T19:49:09.000Z","0056g000003hlBjAAI","","","","","","","a0t6g0000003IoXAAU","a0n6g0000074US7AAM","","","PR-PCRAVG20855957","","false","","","","","","","","","","","","","","","false","","false","false","","","false","","","","","","","false","","false","","","","false","","","",""
"a0u6g00000C5KsBAAV","","PCR AVG 26 Day to Due Revolving","2020-04-07T09:12:34.000Z","0056g000003hlBjAAI","2020-05-07T19:49:09.000Z","0056g000003hlBjAAI","","","","","","","a0t6g0000003IoXAAU","a0n6g0000074US8AAM","","","PR-PCRAVG20393100","","false","","","","","","","","","","","","","","","false","","false","false","","","false","","","","","","","false","","false","","","","false","","","",""
"a0u6g00000C5KsCAAV","","PCR Average 27 Days to Due Non Revolving","2020-04-07T09:12:34.000Z","0056g000003hlBjAAI","2020-05-07T19:49:09.000Z","0056g000003hlBjAAI","","","","","","","a0t6g0000003IoXAAU","a0n6g0000074URyAAM","","","PR-PCRAver0429364","","false","","","","","","","","","","","","","","","false","","false","false","","","false","","","","","","","false","","false","","","","false","","","",""
"a0u6g00000C5KsEAAV","","PCR AVG 27 Day to Due Revolving","2020-04-07T09:16:12.000Z","0056g000003hlBjAAI","2020-05-07T19:49:09.000Z","0056g000003hlBjAAI","","","","","","","a0t6g0000003IoXAAU","a0n6g0000074US9AAM","","","PR-PCRAVG20255494","","false","","","","","","","","","","","","","","","false","","false","false","","","false","","","","","","","false","","false","","","","false","","","",""
"a0u6g00000C5KsFAAV","","PCR AVG 3 Day to Due Revolving","2020-04-07T09:16:12.000Z","0056g000003hlBjAAI","2020-05-07T19:49:09.000Z","0056g000003hlBjAAI","","","","","","","a0t6g0000003IoXAAU","a0n6g0000074USAAA2","","","PR-PCRAVG30928859","","false","","","","","","","","","","","","","","","false","","false","false","","","false","","","","","","","false","","false","","","","false","","","",""
"a0u6g00000C5KsGAAV","","PCR Average 4 Days to Due Non Revolving","2020-04-07T09:16:12.000Z","0056g000003hlBjAAI","2020-05-07T19:49:09.000Z","0056g000003hlBjAAI","","","","","","","a0t6g0000003IoXAAU","a0n6g0000074URzAAM","","","PR-PCRAver0291816","","false","","","","","","","","","","","","","","","false","","false","false","","","false","","","","","","","false","","false","","","","false","","","",""
"a0u6g00000C5KsHAAV","","PCR AVG 4 Day to Due Revolving","2020-04-07T09:16:12.000Z","0056g000003hlBjAAI","2020-05-07T19:49:09.000Z","0056g000003hlBjAAI","","","","","","","a0t6g0000003IoXAAU","a0n6g0000074USBAA2","","","PR-PCRAVG40554135","","false","","","","","","","","","","","","","","","false","","false","false","","","false","","","","","","","false","","false","","","","false","","","",""
"a0u6g00000C5KsIAAV","","PCR AVG 5 Day to Due Revolving","2020-04-07T09:16:13.000Z","0056g000003hlBjAAI","2020-05-07T19:49:09.000Z","0056g000003hlBjAAI","","","","","","","a0t6g0000003IoXAAU","a0n6g0000074USCAA2","","","PR-PCRAVG50285645","","false","","","","","","","","","","","","","","","false","","false","false","","","false","","","","","","","false","","false","","","","false","","","",""
"a0u6g00000C5KsJAAV","","PCR Simple 25 Days Non Revolving","2020-04-07T09:16:13.000Z","0056g000003hlBjAAI","2020-05-07T19:49:09.000Z","0056g000003hlBjAAI","","","","","","","a0t6g0000003IoXAAU","a0n6g0000074USDAA2","","","PR-PCRSimp0865709","","false","","","","","","","","","","","","","","","false","","false","false","","","false","","","","","","","false","","false","","","","false","","","",""
"a0u6g00000C5KsKAAV","","PCR Simple 25 Days Revolving","2020-04-07T09:16:13.000Z","0056g000003hlBjAAI","2020-05-07T19:49:09.000Z","0056g000003hlBjAAI","","","","","","","a0t6g0000003IoXAAU","a0n6g0000074USEAA2","","","PR-PCRSimp0566775","","false","","","","","","","","","","","","","","","false","","false","false","","","false","","","","","","","false","","false","","","","false","","","",""
"a0u6g00000C5KsLAAV","","Per Credit Reserve Non Revolving","2020-04-07T09:16:13.000Z","0056g000003hlBjAAI","2020-05-07T19:49:09.000Z","0056g000003hlBjAAI","","","","","","","a0t6g0000003IoXAAU","a0n6g0000074USFAA2","","","PR-PerCred0991703","","false","","","","","","","","","","","","","","","false","","false","false","","","false","","","","","","","false","","false","","","","false","","","",""
"a0u6g00000C5KsMAAV","","Per Credit Reserve Revolving","2020-04-07T09:16:13.000Z","0056g000003hlBjAAI","2020-05-07T19:49:09.000Z","0056g000003hlBjAAI","","","","","","","a0t6g0000003IoXAAU","a0n6g0000074USGAA2","","","PR-PerCred0225985","","false","","","","","","","","","","","","","","","false","","false","false","","","false","","","","","","","false","","false","","","","false","","","",""
"a0u6g00000C5KsNAAV","","Per Line of Credit Non Revolving","2020-04-07T09:16:13.000Z","0056g000003hlBjAAI","2020-05-07T19:49:09.000Z","0056g000003hlBjAAI","","","","","","","a0t6g0000003IoXAAU","a0n6g0000074USHAA2","","","PR-PerLine0285098","","false","","","","","","","","","","","","","","","false","","false","false","","","false","","","","","","","false","","false","","","","false","","","",""
"a0u6g00000C5KsOAAV","","Per Line of Credit Revolving","2020-04-07T09:16:13.000Z","0056g000003hlBjAAI","2020-05-07T19:49:09.000Z","0056g000003hlBjAAI","","","","","","","a0t6g0000003IoXAAU","a0n6g0000074USIAA2","","","PR-PerLine0032387","","false","","","","","","","","","","","","","","","false","","false","false","","","false","","","","","","","false","","false","","","","false","","","",""
"a0u6g00000C5KsPAAV","","PLC AVG 24 Days to Due Non Revolving","2020-04-07T09:16:13.000Z","0056g000003hlBjAAI","2020-05-07T19:49:09.000Z","0056g000003hlBjAAI","","","","","","","a0t6g0000003IoXAAU","a0n6g0000074USJAA2","","","PR-PLCAVG20260533","","false","","","","","","","","","","","","","","","false","","false","false","","","false","","","","","","","false","","false","","","","false","","","",""
"a0u6g00000C5KsQAAV","","PLC AVG 24 Days to Due Revolving","2020-04-07T09:16:13.000Z","0056g000003hlBjAAI","2020-05-07T19:49:09.000Z","0056g000003hlBjAAI","","","","","","","a0t6g0000003IoXAAU","a0n6g0000074USKAA2","","","PR-PLCAVG20519952","","false","","","","","","","","","","","","","","","false","","false","false","","","false","","","","","","","false","","false","","","","false","","","",""
"a0u6g00000C5KsRAAV","","PLC AVG 25 Days to Due Revolving","2020-04-07T09:16:13.000Z","0056g000003hlBjAAI","2020-05-07T19:49:09.000Z","0056g000003hlBjAAI","","","","","","","a0t6g0000003IoXAAU","a0n6g0000074USLAA2","","","PR-PLCAVG20624442","","false","","","","","","","","","","","","","","","false","","false","false","","","false","","","","","","","false","","false","","","","false","","","",""
"a0u6g00000C5KsSAAV","","PLC AVG 27 Days to Due Non Revolving","2020-04-07T09:16:13.000Z","0056g000003hlBjAAI","2020-05-07T19:49:09.000Z","0056g000003hlBjAAI","","","","","","","a0t6g0000003IoXAAU","a0n6g0000074USMAA2","","","PR-PLCAVG20143036","","false","","","","","","","","","","","","","","","false","","false","false","","","false","","","","","","","false","","false","","","","false","","","",""
"a0u6g00000C5KsTAAV","","PLC AVG 27 Days to Due Revolving","2020-04-07T09:16:13.000Z","0056g000003hlBjAAI","2020-05-07T19:49:09.000Z","0056g000003hlBjAAI","","","","","","","a0t6g0000003IoXAAU","a0n6g0000074USNAA2","","","PR-PLCAVG20851419","","false","","","","","","","","","","","","","","","false","","false","false","","","false","","","","","","","false","","false","","","","false","","","",""
"a0u6g00000C5KsUAAV","","PLC SIM 27 Days to Due Revolving","2020-04-07T09:16:13.000Z","0056g000003hlBjAAI","2020-05-07T19:49:09.000Z","0056g000003hlBjAAI","","","","","","","a0t6g0000003IoXAAU","a0n6g0000074USOAA2","","","PR-PLCSIM20125686","","false","","","","","","","","","","","","","","","false","","false","false","","","false","","","","","","","false","","false","","","","false","","","",""
"a0u6g00000C5KsYAAV","","HELOC AV 10 Day Due Revolving","2020-04-07T09:19:45.000Z","0056g000003hlBjAAI","2020-05-07T19:49:09.000Z","0056g000003hlBjAAI","","","","","","","a0t6g0000003IoVAAU","a0n6g0000074UR1AAM","","","PR-HELOCAV0482058","","false","","","","","","","","","","","","","","","false","","false","false","","","false","","","","","","","false","","false","","","","false","","","",""
"a0u6g00000C5KsZAAV","","HELOC AV 15 Day Due Non Revolving","2020-04-07T09:19:45.000Z","0056g000003hlBjAAI","2020-05-07T19:49:09.000Z","0056g000003hlBjAAI","","","","","","","a0t6g0000003IoVAAU","a0n6g0000074UR2AAM","","","PR-HELOCAV0065375","","false","","","","","","","","","","","","","","","false","","false","false","","","false","","","","","","","false","","false","","","","false","","","",""
"a0u6g00000C5KsaAAF","","HELOC AV 15 Day Due Revolving","2020-04-07T09:19:45.000Z","0056g000003hlBjAAI","2020-05-07T19:49:09.000Z","0056g000003hlBjAAI","","","","","","","a0t6g0000003IoVAAU","a0n6g0000074UR3AAM","","","PR-HELOCAV0942090","","false","","","","","","","","","","","","","","","false","","false","false","","","false","","","","","","","false","","false","","","","false","","","",""
"a0u6g00000C5KsbAAF","","HELOC AV 17 Day Due Revolving","2020-04-07T09:19:45.000Z","0056g000003hlBjAAI","2020-05-07T19:49:09.000Z","0056g000003hlBjAAI","","","","","","","a0t6g0000003IoVAAU","a0n6g0000074UR4AAM","","","PR-HELOCAV0714706","","false","","","","","","","","","","","","","","","false","","false","false","","","false","","","","","","","false","","false","","","","false","","","",""
"a0u6g00000C5KscAAF","","HELOC AV 24 Day Due Non Revolving","2020-04-07T09:19:45.000Z","0056g000003hlBjAAI","2020-05-07T19:49:09.000Z","0056g000003hlBjAAI","","","","","","","a0t6g0000003IoVAAU","a0n6g0000074UR5AAM","","","PR-HELOCAV0608857","","false","","","","","","","","","","","","","","","false","","false","false","","","false","","","","","","","false","","false","","","","false","","","",""
"a0u6g00000C5KsdAAF","","HELOC AV 24 Day Due Revolving","2020-04-07T09:19:46.000Z","0056g000003hlBjAAI","2020-05-07T19:49:09.000Z","0056g000003hlBjAAI","","","","","","","a0t6g0000003IoVAAU","a0n6g0000074UR6AAM","","","PR-HELOCAV0974674","","false","","","","","","","","","","","","","","","false","","false","false","","","false","","","","","","","false","","false","","","","false","","","",""
"a0u6g00000C5KseAAF","","HELOC AV 25 Day Due Non Revolving","2020-04-07T09:19:46.000Z","0056g000003hlBjAAI","2020-05-07T19:49:09.000Z","0056g000003hlBjAAI","","","","","","","a0t6g0000003IoVAAU","a0n6g0000074UR7AAM","","","PR-HELOCAV0703600","","false","","","","","","","","","","","","","","","false","","false","false","","","false","","","","","","","false","","false","","","","false","","","",""
"a0u6g00000C5KsfAAF","","HELOC AV 25 Day Due Revolving","2020-04-07T09:19:46.000Z","0056g000003hlBjAAI","2020-05-07T19:49:09.000Z","0056g000003hlBjAAI","","","","","","","a0t6g0000003IoVAAU","a0n6g0000074UR8AAM","","","PR-HELOCAV0583810","","false","","","","","","","","","","","","","","","false","","false","false","","","false","","","","","","","false","","false","","","","false","","","",""
"a0u6g00000C5KsgAAF","","HELOC AV 27 Day Due Non Revolving","2020-04-07T09:19:46.000Z","0056g000003hlBjAAI","2020-05-07T19:49:09.000Z","0056g000003hlBjAAI","","","","","","","a0t6g0000003IoVAAU","a0n6g0000074UR9AAM","","","PR-HELOCAV0560356","","false","","","","","","","","","","","","","","","false","","false","false","","","false","","","","","","","false","","false","","","","false","","","",""
"a0u6g00000C5KshAAF","","HELOC AV 27 Day Due Revolving","2020-04-07T09:19:46.000Z","0056g000003hlBjAAI","2020-05-07T19:49:09.000Z","0056g000003hlBjAAI","","","","","","","a0t6g0000003IoVAAU","a0n6g0000074URAAA2","","","PR-HELOCAV0103463","","false","","","","","","","","","","","","","","","false","","false","false","","","false","","","","","","","false","","false","","","","false","","","",""
"a0u6g00000C5KsiAAF","","HELOC AV 4 Day Due Non Revolving","2020-04-07T09:19:46.000Z","0056g000003hlBjAAI","2020-05-07T19:49:09.000Z","0056g000003hlBjAAI","","","","","","","a0t6g0000003IoVAAU","a0n6g0000074URBAA2","","","PR-HELOCAV0517757","","false","","","","","","","","","","","","","","","false","","false","false","","","false","","","","","","","false","","false","","","","false","","","",""
"a0u6g00000C5KsjAAF","","HELOC AV 4 Day Due Revolving","2020-04-07T09:19:46.000Z","0056g000003hlBjAAI","2020-05-07T19:49:09.000Z","0056g000003hlBjAAI","","","","","","","a0t6g0000003IoVAAU","a0n6g0000074URCAA2","","","PR-HELOCAV0843912","","false","","","","","","","","","","","","","","","false","","false","false","","","false","","","","","","","false","","false","","","","false","","","",""
"a0u6g00000C5KskAAF","","HELOC AVG 15 Day Due Non Revolving","2020-04-07T09:19:46.000Z","0056g000003hlBjAAI","2020-05-07T19:49:09.000Z","0056g000003hlBjAAI","","","","","","","a0t6g0000003IoVAAU","a0n6g0000074URDAA2","","","PR-HELOCAV0032214","","false","","","","","","","","","","","","","","","false","","false","false","","","false","","","","","","","false","","false","","","","false","","","",""
"a0u6g00000C5KslAAF","","HELOC AVG 15 Day Due Revolving","2020-04-07T09:19:46.000Z","0056g000003hlBjAAI","2020-05-07T19:49:09.000Z","0056g000003hlBjAAI","","","","","","","a0t6g0000003IoVAAU","a0n6g0000074UREAA2","","","PR-HELOCAV0278371","","false","","","","","","","","","","","","","","","false","","false","false","","","false","","","","","","","false","","false","","","","false","","","",""
"a0u6g00000C5KsmAAF","","HELOC AVG 15 Day Due Term","2020-04-07T09:19:46.000Z","0056g000003hlBjAAI","2020-05-07T19:49:09.000Z","0056g000003hlBjAAI","","","","","","","a0t6g0000003IoVAAU","a0n6g0000074URFAA2","","","PR-HELOCAV0452868","","false","","","","","","","","","","","","","","","false","","false","false","","","false","","","","","","","false","","false","","","","false","","","",""
"a0u6g00000C5KsnAAF","","HELOC SIM 15 Day Due Non Revolving","2020-04-07T09:19:46.000Z","0056g000003hlBjAAI","2020-05-07T19:49:09.000Z","0056g000003hlBjAAI","","","","","","","a0t6g0000003IoVAAU","a0n6g0000074URGAA2","","","PR-HELOCSI0945142","","false","","","","","","","","","","","","","","","false","","false","false","","","false","","","","","","","false","","false","","","","false","","","",""
"a0u6g00000C5KsoAAF","","HELOC SIM 15 Day Due Revolving","2020-04-07T09:19:46.000Z","0056g000003hlBjAAI","2020-05-07T19:49:09.000Z","0056g000003hlBjAAI","","","","","","","a0t6g0000003IoVAAU","a0n6g0000074URHAA2","","","PR-HELOCSI0419412","","false","","","","","","","","","","","","","","","false","","false","false","","","false","","","","","","","false","","false","","","","false","","","",""
"a0u6g00000C5KspAAF","","HELOC SIM 27 Day Due Non Revolving","2020-04-07T09:19:46.000Z","0056g000003hlBjAAI","2020-05-07T19:49:09.000Z","0056g000003hlBjAAI","","","","","","","a0t6g0000003IoVAAU","a0n6g0000074URIAA2","","","PR-HELOCSI0147019","","false","","","","","","","","","","","","","","","false","","false","false","","","false","","","","","","","false","","false","","","","false","","","",""
"a0u6g00000C5KsqAAF","","HELOC SIM 27 Day Due Revolving","2020-04-07T09:19:46.000Z","0056g000003hlBjAAI","2020-05-07T19:49:09.000Z","0056g000003hlBjAAI","","","","","","","a0t6g0000003IoVAAU","a0n6g0000074URJAA2","","","PR-HELOCSI0172557","","false","","","","","","","","","","","","","","","false","","false","false","","","false","","","","","","","false","","false","","","","false","","","",""
"a0u6g00000C5KsrAAF","","HELOC Simple 25 Days Non Revolving","2020-04-07T09:19:46.000Z","0056g000003hlBjAAI","2020-05-07T19:49:09.000Z","0056g000003hlBjAAI","","","","","","","a0t6g0000003IoVAAU","a0n6g0000074URKAA2","","","PR-HELOCSi0303888","","false","","","","","","","","","","","","","","","false","","false","false","","","false","","","","","","","false","","false","","","","false","","","",""
"a0u6g00000C5KssAAF","","HELOC SIMPLE 25 Days Revolving","2020-04-07T09:19:46.000Z","0056g000003hlBjAAI","2020-05-07T19:49:09.000Z","0056g000003hlBjAAI","","","","","","","a0t6g0000003IoVAAU","a0n6g0000074URLAA2","","","PR-HELOCSI0761955","","false","","","","","","","","","","","","","","","false","","false","false","","","false","","","","","","","false","","false","","","","false","","","",""
"a0u6g00000C5KstAAF","","Home Equity Line  Non Revolving","2020-04-07T09:19:46.000Z","0056g000003hlBjAAI","2020-05-07T19:49:09.000Z","0056g000003hlBjAAI","","","","","","","a0t6g0000003IoVAAU","a0n6g0000074URMAA2","","","PR-HomeEqu0529274","","false","","","","","","","","","","","","","","","false","","false","false","","","false","","","","","","","false","","false","","","","false","","","",""
"a0u6g00000C5KsuAAF","","Home Equity Line Revolving","2020-04-07T09:19:47.000Z","0056g000003hlBjAAI","2020-05-07T19:49:09.000Z","0056g000003hlBjAAI","","","","","","","a0t6g0000003IoVAAU","a0n6g0000074URNAA2","","","PR-HomeEqu0590521","","false","","","","","","","","","","","","","","","false","","false","false","","","false","","","","","","","false","","false","","","","false","","","",""
"a0u6g00000C5KsvAAF","","Interim Mortgage Non Revolving","2020-04-07T09:19:47.000Z","0056g000003hlBjAAI","2020-05-07T19:49:09.000Z","0056g000003hlBjAAI","","","","","","","a0t6g0000003IoVAAU","a0n6g0000074UROAA2","","","PR-Interim0992056","","false","","","","","","","","","","","","","","","false","","false","false","","","false","","","","","","","false","","false","","","","false","","","",""
"a0u6g00000C5KswAAF","","Mortgage Amortize  Non Revolving","2020-04-07T09:19:47.000Z","0056g000003hlBjAAI","2020-05-07T19:49:09.000Z","0056g000003hlBjAAI","","","","","","","a0t6g0000003IoVAAU","a0n6g0000074URPAA2","","","PR-Mortgag0771264","","false","","","","","","","","","","","","","","","false","","false","false","","","false","","","","","","","false","","false","","","","false","","","",""
"a0u6g00000C5KsxAAF","","Mortgage Amortized Escrow","2020-04-07T09:19:47.000Z","0056g000003hlBjAAI","2020-05-07T19:49:09.000Z","0056g000003hlBjAAI","","","","","","","a0t6g0000003IoVAAU","a0n6g0000074URQAA2","","","PR-Mortgag0408013","","false","","","","","","","","","","","","","","","false","","false","false","","","false","","","","","","","false","","false","","","","false","","","",""
"a0u6g00000C5KsyAAF","","Mortgage Construction Non Revolving","2020-04-07T09:19:47.000Z","0056g000003hlBjAAI","2020-05-07T19:49:09.000Z","0056g000003hlBjAAI","","","","","","","a0t6g0000003IoVAAU","a0n6g0000074URSAA2","","","PR-Mortgag0928430","","false","","","","","","","","","","","","","","","false","","false","false","","","false","","","","","","","false","","false","","","","false","","","",""
"a0u6g00000C5KszAAF","","Mortgage Construction","2020-04-07T09:19:47.000Z","0056g000003hlBjAAI","2020-05-07T19:49:09.000Z","0056g000003hlBjAAI","","","","","","","a0t6g0000003IoVAAU","a0n6g0000074URRAA2","","","PR-Mortgag0182530","","false","","","","","","","","","","","","","","","false","","false","false","","","false","","","","","","","false","","false","","","","false","","","",""
"a0u6g00000C5Kt0AAF","","Mortgage Pool Loans","2020-04-07T09:19:47.000Z","0056g000003hlBjAAI","2020-05-07T19:49:09.000Z","0056g000003hlBjAAI","","","","","","","a0t6g0000003IoVAAU","a0n6g0000074URUAA2","","","PR-Mortgag0068743","","false","","","","","","","","","","","","","","","false","","false","false","","","false","","","","","","","false","","false","","","","false","","","",""
"a0u6g00000C5Kt1AAF","","Mortgage Simple Non Revolving","2020-04-07T09:19:47.000Z","0056g000003hlBjAAI","2020-05-07T19:49:09.000Z","0056g000003hlBjAAI","","","","","","","a0t6g0000003IoVAAU","a0n6g0000074URXAA2","","","PR-Mortgag0888839","","false","","","","","","","","","","","","","","","false","","false","false","","","false","","","","","","","false","","false","","","","false","","","",""
"a0u6g00000C5Kt2AAF","","Mortgage Simple","2020-04-07T09:19:47.000Z","0056g000003hlBjAAI","2020-05-07T19:49:09.000Z","0056g000003hlBjAAI","","","","","","","a0t6g0000003IoVAAU","a0n6g0000074URVAA2","","","PR-Mortgag0865461","","false","","","","","","","","","","","","","","","false","","false","false","","","false","","","","","","","false","","false","","","","false","","","",""
"a0u6g00000C5Kt3AAF","","Mortgage Simple Interest Escrow","2020-04-07T09:19:47.000Z","0056g000003hlBjAAI","2020-05-07T19:49:09.000Z","0056g000003hlBjAAI","","","","","","","a0t6g0000003IoVAAU","a0n6g0000074URWAA2","","","PR-Mortgag0680775","","false","","","","","","","","","","","","","","","false","","false","false","","","false","","","","","","","false","","false","","","","false","","","",""
"a0u6g00000C5Kt4AAF","","MTG AMORT-LIFE CO 1","2020-04-07T09:19:47.000Z","0056g000003hlBjAAI","2020-05-07T19:49:09.000Z","0056g000003hlBjAAI","","","","","","","a0t6g0000003IoVAAU","a0n6g0000074URYAA2","","","PR-MTGAMOR0541733","","false","","","","","","","","","","","","","","","false","","false","false","","","false","","","","","","","false","","false","","","","false","","","",""
"a0u6g00000C5KwLAAV","","NONPERSONAL CD","2020-04-07T09:31:24.000Z","0056g000003hlBjAAI","2020-04-07T18:30:04.000Z","0056g000003hlBjAAI","","","","","","","a0t6g000004ikxuAAA","a0n6g000005i5FJAAY","","","PR-NONPERS0789879","","false","","","","","","","","","","","","","","","false","","false","false","","","false","","","","","","","false","","false","","","","false","","","",""
"a0u6g00000C5KwMAAV","","OTHER FINANCIAL INST","2020-04-07T09:31:24.000Z","0056g000003hlBjAAI","2020-04-07T18:30:04.000Z","0056g000003hlBjAAI","","","","","","","a0t6g000004ikxuAAA","a0n6g000005i5FJAAY","","","PR-OTHERFI0845780","","false","","","","","","","","","","","","","","","false","","false","false","","","false","","","","","","","false","","false","","","","false","","","",""
"a0u6g00000C5KwNAAV","","NONPROFIT CD","2020-04-07T09:31:24.000Z","0056g000003hlBjAAI","2020-04-07T18:30:04.000Z","0056g000003hlBjAAI","","","","","","","a0t6g000004ikxuAAA","a0n6g000005i5FJAAY","","","PR-NONPROF0048752","","false","","","","","","","","","","","","","","","false","","false","false","","","false","","","","","","","false","","false","","","","false","","","",""
"a0u6g00000C5KwOAAV","","PUBLIC FUNDS CD","2020-04-07T09:31:24.000Z","0056g000003hlBjAAI","2020-04-07T18:30:04.000Z","0056g000003hlBjAAI","","","","","","","a0t6g000004ikxuAAA","a0n6g000005i5FJAAY","","","PR-PUBLICF0788181","","false","","","","","","","","","","","","","","","false","","false","false","","","false","","","","","","","false","","false","","","","false","","","",""
"a0u6g00000C5KwPAAV","","BROKERED CD (LEGACY)","2020-04-07T09:31:24.000Z","0056g000003hlBjAAI","2020-04-07T18:30:04.000Z","0056g000003hlBjAAI","","","","","","","a0t6g000004ikxuAAA","a0n6g000005i5FJAAY","","","PR-BROKERE0309066","","false","","","","","","","","","","","","","","","false","","false","false","","","false","","","","","","","false","","false","","","","false","","","",""
"a0u6g00000C5KwQAAV","","FREE BUS CHECKING","2020-04-07T09:31:43.000Z","0056g000003hlBjAAI","2020-04-07T18:30:04.000Z","0056g000003hlBjAAI","","","","","","","a0t6g000004ikxvAAA","a0n6g000005i5FJAAY","","","PR-FREEBUS0122016","","false","","","","","","","","","","","","","","","false","","false","false","","","false","","","","","","","false","","false","","","","false","","","",""
"a0u6g00000C5KwRAAV","","ANALYZED BUSINESS CK","2020-04-07T09:31:43.000Z","0056g000003hlBjAAI","2020-04-07T18:30:04.000Z","0056g000003hlBjAAI","","","","","","","a0t6g000004ikxvAAA","a0n6g000005i5FJAAY","","","PR-ANALYZE0284890","","false","","","","","","","","","","","","","","","false","","false","false","","","false","","","","","","","false","","false","","","","false","","","",""
"a0u6g00000C5KwSAAV","","PRINCIPAL ACCOUNT","2020-04-07T09:31:43.000Z","0056g000003hlBjAAI","2020-04-07T18:30:04.000Z","0056g000003hlBjAAI","","","","","","","a0t6g000004ikxvAAA","a0n6g000005i5FJAAY","","","PR-PRINCIP0583364","","false","","","","","","","","","","","","","","","false","","false","false","","","false","","","","","","","false","","false","","","","false","","","",""
"a0u6g00000C5KwTAAV","","ANALYZED BUSINESS CK","2020-04-07T09:31:43.000Z","0056g000003hlBjAAI","2020-04-07T18:30:04.000Z","0056g000003hlBjAAI","","","","","","","a0t6g000004ikxvAAA","a0n6g000005i5FJAAY","","","PR-ANALYZE0811940","","false","","","","","","","","","","","","","","","false","","false","false","","","false","","","","","","","false","","false","","","","false","","","",""
"a0u6g00000C5KwUAAV","","NON-PROFIT CHECKING","2020-04-07T09:31:43.000Z","0056g000003hlBjAAI","2020-04-07T18:30:04.000Z","0056g000003hlBjAAI","","","","","","","a0t6g000004ikxvAAA","a0n6g000005i5FJAAY","","","PR-NONPROF0766015","","false","","","","","","","","","","","","","","","false","","false","false","","","false","","","","","","","false","","false","","","","false","","","",""
"a0u6g00000C5KwVAAV","","PUBLIC FUND ACCOUNT","2020-04-07T09:31:43.000Z","0056g000003hlBjAAI","2020-04-07T18:30:04.000Z","0056g000003hlBjAAI","","","","","","","a0t6g000004ikxvAAA","a0n6g000005i5FJAAY","","","PR-PUBLICF0669707","","false","","","","","","","","","","","","","","","false","","false","false","","","false","","","","","","","false","","false","","","","false","","","",""
"a0u6g00000C5KwWAAV","","OTHER FINANCIAL INST","2020-04-07T09:31:43.000Z","0056g000003hlBjAAI","2020-04-07T18:30:04.000Z","0056g000003hlBjAAI","","","","","","","a0t6g000004ikxvAAA","a0n6g000005i5FJAAY","","","PR-OTHERFI0470016","","false","","","","","","","","","","","","","","","false","","false","false","","","false","","","","","","","false","","false","","","","false","","","",""
"a0u6g00000C5KwXAAV","","INTERNAL CHECKING","2020-04-07T09:31:43.000Z","0056g000003hlBjAAI","2020-04-07T18:30:04.000Z","0056g000003hlBjAAI","","","","","","","a0t6g000004ikxvAAA","a0n6g000005i5FJAAY","","","PR-INTERNA0888813","","false","","","","","","","","","","","","","","","false","","false","false","","","false","","","","","","","false","","false","","","","false","","","",""
"a0u6g00000C5KwYAAV","","ACH LOAN PAYMENTS (LEGACY)","2020-04-07T09:31:43.000Z","0056g000003hlBjAAI","2020-04-07T18:30:04.000Z","0056g000003hlBjAAI","","","","","","","a0t6g000004ikxvAAA","a0n6g000005i5FJAAY","","","PR-ACHLOAN0736271","","false","","","","","","","","","","","","","","","false","","false","false","","","false","","","","","","","false","","false","","","","false","","","",""
"a0u6g00000C5KwaAAF","","SUBSIDIARY ACCOUNT","2020-04-07T09:32:07.000Z","0056g000003hlBjAAI","2020-04-07T18:30:04.000Z","0056g000003hlBjAAI","","","","","","","a0t6g000004ikxwAAA","a0n6g000005i5FJAAY","","","PR-SUBSIDI0652339","","false","","","","","","","","","","","","","","","false","","false","false","","","false","","","","","","","false","","false","","","","false","","","",""
"a0u6g00000C5KwbAAF","","MMIA - BUSINESS","2020-04-07T09:32:07.000Z","0056g000003hlBjAAI","2020-04-07T18:30:04.000Z","0056g000003hlBjAAI","","","","","","","a0t6g000004ikxwAAA","a0n6g000005i5FJAAY","","","PR-MMIABUS0812952","","false","","","","","","","","","","","","","","","false","","false","false","","","false","","","","","","","false","","false","","","","false","","","",""
"a0u6g00000C5KwcAAF","","SMMA - BUSINESS","2020-04-07T09:32:07.000Z","0056g000003hlBjAAI","2020-04-07T18:30:04.000Z","0056g000003hlBjAAI","","","","","","","a0t6g000004ikxwAAA","a0n6g000005i5FJAAY","","","PR-SMMABUS0278249","","false","","","","","","","","","","","","","","","false","","false","false","","","false","","","","","","","false","","false","","","","false","","","",""
"a0u6g00000C5KwdAAF","","HIGH YIELD MM -BUS","2020-04-07T09:32:07.000Z","0056g000003hlBjAAI","2020-04-07T18:30:04.000Z","0056g000003hlBjAAI","","","","","","","a0t6g000004ikxwAAA","a0n6g000005i5FJAAY","","","PR-HIGHYIE0300308","","false","","","","","","","","","","","","","","","false","","false","false","","","false","","","","","","","false","","false","","","","false","","","",""
"a0u6g00000C5KweAAF","","PVT BANKING MMA BUS (LEGACY)","2020-04-07T09:32:07.000Z","0056g000003hlBjAAI","2020-04-07T18:30:04.000Z","0056g000003hlBjAAI","","","","","","","a0t6g000004ikxwAAA","a0n6g000005i5FJAAY","","","PR-PVTBANK0081848","","false","","","","","","","","","","","","","","","false","","false","false","","","false","","","","","","","false","","false","","","","false","","","",""
"a0u6g00000C5KwfAAF","","MMIA - NON-PROFIT","2020-04-07T09:32:07.000Z","0056g000003hlBjAAI","2020-04-07T18:30:04.000Z","0056g000003hlBjAAI","","","","","","","a0t6g000004ikxwAAA","a0n6g000005i5FJAAY","","","PR-MMIANON0952804","","false","","","","","","","","","","","","","","","false","","false","false","","","false","","","","","","","false","","false","","","","false","","","",""
"a0u6g00000C5KwgAAF","","MMIA - PUBLIC FUND","2020-04-07T09:32:07.000Z","0056g000003hlBjAAI","2020-04-07T18:30:04.000Z","0056g000003hlBjAAI","","","","","","","a0t6g000004ikxwAAA","a0n6g000005i5FJAAY","","","PR-MMIAPUB0474676","","false","","","","","","","","","","","","","","","false","","false","false","","","false","","","","","","","false","","false","","","","false","","","",""
"a0u6g00000C5KwhAAF","","SMMA - PUBLIC FUND","2020-04-07T09:32:08.000Z","0056g000003hlBjAAI","2020-04-07T18:30:04.000Z","0056g000003hlBjAAI","","","","","","","a0t6g000004ikxwAAA","a0n6g000005i5FJAAY","","","PR-SMMAPUB0265865","","false","","","","","","","","","","","","","","","false","","false","false","","","false","","","","","","","false","","false","","","","false","","","",""
"a0u6g00000C5KwiAAF","","BROKERED MONEY MRKT (LEGACY)","2020-04-07T09:32:08.000Z","0056g000003hlBjAAI","2020-04-07T18:30:04.000Z","0056g000003hlBjAAI","","","","","","","a0t6g000004ikxwAAA","a0n6g000005i5FJAAY","","","PR-BROKERE0812845","","false","","","","","","","","","","","","","","","false","","false","false","","","false","","","","","","","false","","false","","","","false","","","",""
"a0u6g00000C5KwkAAF","","BUSINESS CHKG PLUS","2020-04-07T09:32:38.000Z","0056g000003hlBjAAI","2020-04-07T18:30:04.000Z","0056g000003hlBjAAI","","","","","","","a0t6g000004ikxxAAA","a0n6g000005i5FJAAY","","","PR-BUSINES0468605","","false","","","","","","","","","","","","","","","false","","false","false","","","false","","","","","","","false","","false","","","","false","","","",""
"a0u6g00000C5KwlAAF","","IOLTA CHECKING","2020-04-07T09:32:38.000Z","0056g000003hlBjAAI","2020-04-07T18:30:04.000Z","0056g000003hlBjAAI","","","","","","","a0t6g000004ikxxAAA","a0n6g000005i5FJAAY","","","PR-IOLTACH0799479","","false","","","","","","","","","","","","","","","false","","false","false","","","false","","","","","","","false","","false","","","","false","","","",""
"a0u6g00000C5KwmAAF","","FIDUCIARY ACCOUNT (LEGACY)","2020-04-07T09:32:38.000Z","0056g000003hlBjAAI","2020-04-07T18:30:04.000Z","0056g000003hlBjAAI","","","","","","","a0t6g000004ikxxAAA","a0n6g000005i5FJAAY","","","PR-FIDUCIA0312168","","false","","","","","","","","","","","","","","","false","","false","false","","","false","","","","","","","false","","false","","","","false","","","",""
"a0u6g00000C5KwnAAF","","CHECKING PLUS-NONPFT","2020-04-07T09:32:38.000Z","0056g000003hlBjAAI","2020-04-07T18:30:04.000Z","0056g000003hlBjAAI","","","","","","","a0t6g000004ikxxAAA","a0n6g000005i5FJAAY","","","PR-CHECKIN0673582","","false","","","","","","","","","","","","","","","false","","false","false","","","false","","","","","","","false","","false","","","","false","","","",""
"a0u6g00000C5KwoAAF","","CHECKING PLUS-PUBFND","2020-04-07T09:32:38.000Z","0056g000003hlBjAAI","2020-04-07T18:30:04.000Z","0056g000003hlBjAAI","","","","","","","a0t6g000004ikxxAAA","a0n6g000005i5FJAAY","","","PR-CHECKIN0267829","","false","","","","","","","","","","","","","","","false","","false","false","","","false","","","","","","","false","","false","","","","false","","","",""
"a0u6g00000C5KwpAAF","","OVERNIGHT INVST ACCT","2020-04-07T09:32:38.000Z","0056g000003hlBjAAI","2020-04-07T18:30:04.000Z","0056g000003hlBjAAI","","","","","","","a0t6g000004ikxxAAA","a0n6g000005i5FJAAY","","","PR-OVERNIG0107288","","false","","","","","","","","","","","","","","","false","","false","false","","","false","","","","","","","false","","false","","","","false","","","",""
"a0u6g00000C5KwuAAF","","HELOC CHECKING","2020-04-07T09:33:12.000Z","0056g000003hlBjAAI","2020-04-07T18:30:04.000Z","0056g000003hlBjAAI","","","","","","","a0t6g000004ikxyAAA","a0n6g000005i5FJAAY","","","PR-HELOCCH0839265","","false","","","","","","","","","","","","","","","false","","false","false","","","false","","","","","","","false","","false","","","","false","","","",""
"a0u6g00000C5KwzAAF","","PLATINUM SAV -BUSNSS","2020-04-07T09:33:35.000Z","0056g000003hlBjAAI","2020-04-07T18:30:04.000Z","0056g000003hlBjAAI","","","","","","","a0t6g000004ikxzAAA","a0n6g000005i5FJAAY","","","PR-PLATINU0625165","","false","","","","","","","","","","","","","","","false","","false","false","","","false","","","","","","","false","","false","","","","false","","","",""
"a0u6g00000C5Kx0AAF","","PLATINUM SAV-NON-PFT","2020-04-07T09:33:35.000Z","0056g000003hlBjAAI","2020-04-07T18:30:04.000Z","0056g000003hlBjAAI","","","","","","","a0t6g000004ikxzAAA","a0n6g000005i5FJAAY","","","PR-PLATINU0635046","","false","","","","","","","","","","","","","","","false","","false","false","","","false","","","","","","","false","","false","","","","false","","","",""
"a0u6g00000C5Kx1AAF","","PLATINUM SAV -PUBFND","2020-04-07T09:33:35.000Z","0056g000003hlBjAAI","2020-04-07T18:30:04.000Z","0056g000003hlBjAAI","","","","","","","a0t6g000004ikxzAAA","a0n6g000005i5FJAAY","","","PR-PLATINU0100993","","false","","","","","","","","","","","","","","","false","","false","false","","","false","","","","","","","false","","false","","","","false","","","",""
"a0u6g00000C5L3WAAV","","IRA CD","2020-04-07T10:17:18.000Z","0056g000003hlBjAAI","2020-04-07T18:30:04.000Z","0056g000003hlBjAAI","","","","","","","a0t6g000004iky4AAA","a0n6g000005i5FJAAY","","","PR-IRACD074170052","","false","","","","","","","","","","","","","","","false","","false","false","","","false","","","","","","","false","","false","","","","false","","","",""
"a0u6g00000C5L3XAAV","","PERSONAL CERT OF DEP","2020-04-07T10:17:18.000Z","0056g000003hlBjAAI","2020-04-07T18:30:04.000Z","0056g000003hlBjAAI","","","","","","","a0t6g000004iky4AAA","a0n6g000005i5FJAAY","","","PR-PERSONA0257522","","false","","","","","","","","","","","","","","","false","","false","false","","","false","","","","","","","false","","false","","","","false","","","",""
"a0u6g00000C5L3bAAF","","UNITED FREE CHECKING","2020-04-07T10:18:13.000Z","0056g000003hlBjAAI","2020-04-07T18:30:04.000Z","0056g000003hlBjAAI","","","","","","","a0t6g000004iky5AAA","a0n6g000005i5FJAAY","","","PR-UNITEDF0632611","","false","","","","","","","","","","","","","","","false","","false","false","","","false","","","","","","","false","","false","","","","false","","","",""
"a0u6g00000C5L3cAAF","","UNITED REWARDS","2020-04-07T10:18:13.000Z","0056g000003hlBjAAI","2020-04-07T18:30:04.000Z","0056g000003hlBjAAI","","","","","","","a0t6g000004iky5AAA","a0n6g000005i5FJAAY","","","PR-UNITEDR0751288","","false","","","","","","","","","","","","","","","false","","false","false","","","false","","","","","","","false","","false","","","","false","","","",""
"a0u6g00000C5L3dAAF","","UNITEDFREE BANK@WORK","2020-04-07T10:18:13.000Z","0056g000003hlBjAAI","2020-04-07T18:30:04.000Z","0056g000003hlBjAAI","","","","","","","a0t6g000004iky5AAA","a0n6g000005i5FJAAY","","","PR-UNITEDF0736227","","false","","","","","","","","","","","","","","","false","","false","false","","","false","","","","","","","false","","false","","","","false","","","",""
"a0u6g00000C5L3eAAF","","REWARDS BANK @ WORK","2020-04-07T10:18:13.000Z","0056g000003hlBjAAI","2020-04-07T18:30:04.000Z","0056g000003hlBjAAI","","","","","","","a0t6g000004iky5AAA","a0n6g000005i5FJAAY","","","PR-REWARDS0060615","","false","","","","","","","","","","","","","","","false","","false","false","","","false","","","","","","","false","","false","","","","false","","","",""
"a0u6g00000C5L3fAAF","","VCB @ WORK 2.0 (LEGACY)","2020-04-07T10:18:13.000Z","0056g000003hlBjAAI","2020-04-07T18:30:04.000Z","0056g000003hlBjAAI","","","","","","","a0t6g000004iky5AAA","a0n6g000005i5FJAAY","","","PR-VCBWORK0195919","","false","","","","","","","","","","","","","","","false","","false","false","","","false","","","","","","","false","","false","","","","false","","","",""
"a0u6g00000C5L3gAAF","","PRIVATE BKING NON-IN (LEGACY)","2020-04-07T10:18:13.000Z","0056g000003hlBjAAI","2020-04-07T18:30:04.000Z","0056g000003hlBjAAI","","","","","","","a0t6g000004iky5AAA","a0n6g000005i5FJAAY","","","PR-PRIVATE0235751","","false","","","","","","","","","","","","","","","false","","false","false","","","false","","","","","","","false","","false","","","","false","","","",""
"a0u6g00000C5L3lAAF","","MM INVESTMENT ACCT","2020-04-07T10:19:30.000Z","0056g000003hlBjAAI","2020-04-07T18:30:04.000Z","0056g000003hlBjAAI","","","","","","","a0t6g000004iky6AAA","a0n6g000005i5FJAAY","","","PR-MMINVES0933715","","false","","","","","","","","","","","","","","","false","","false","false","","","false","","","","","","","false","","false","","","","false","","","",""
"a0u6g00000C5L3mAAF","","SUPER MONEY MARKET","2020-04-07T10:19:30.000Z","0056g000003hlBjAAI","2020-04-07T18:30:04.000Z","0056g000003hlBjAAI","","","","","","","a0t6g000004iky6AAA","a0n6g000005i5FJAAY","","","PR-SUPERMO0425179","","false","","","","","","","","","","","","","","","false","","false","false","","","false","","","","","","","false","","false","","","","false","","","",""
"a0u6g00000C5L3nAAF","","HIGH YIELD MONEY MKT","2020-04-07T10:19:31.000Z","0056g000003hlBjAAI","2020-04-07T18:30:04.000Z","0056g000003hlBjAAI","","","","","","","a0t6g000004iky6AAA","a0n6g000005i5FJAAY","","","PR-HIGHYIE0887199","","false","","","","","","","","","","","","","","","false","","false","false","","","false","","","","","","","false","","false","","","","false","","","",""
"a0u6g00000C5L3oAAF","","PRIVATE BANKING MMA (LEGACY)","2020-04-07T10:19:31.000Z","0056g000003hlBjAAI","2020-04-07T18:30:04.000Z","0056g000003hlBjAAI","","","","","","","a0t6g000004iky6AAA","a0n6g000005i5FJAAY","","","PR-PRIVATE0587878","","false","","","","","","","","","","","","","","","false","","false","false","","","false","","","","","","","false","","false","","","","false","","","",""
"a0u6g00000C5L3qAAF","","CHAIRMANS CLUB (LEGACY)","2020-04-07T10:20:32.000Z","0056g000003hlBjAAI","2020-04-07T18:30:04.000Z","0056g000003hlBjAAI","","","","","","","a0t6g000004iky7AAA","a0n6g000005i5FJAAY","","","PR-CHAIRMA0894637","","false","","","","","","","","","","","","","","","false","","false","false","","","false","","","","","","","false","","false","","","","false","","","",""
"a0u6g00000C5L3rAAF","","FIRST CHOICE CHKG (LEGACY)","2020-04-07T10:20:32.000Z","0056g000003hlBjAAI","2020-04-07T18:30:04.000Z","0056g000003hlBjAAI","","","","","","","a0t6g000004iky7AAA","a0n6g000005i5FJAAY","","","PR-FIRSTCH0464899","","false","","","","","","","","","","","","","","","false","","false","false","","","false","","","","","","","false","","false","","","","false","","","",""
"a0u6g00000C5L3sAAF","","VIP INTEREST CHECKNG (LEGACY)","2020-04-07T10:20:32.000Z","0056g000003hlBjAAI","2020-04-07T18:30:04.000Z","0056g000003hlBjAAI","","","","","","","a0t6g000004iky7AAA","a0n6g000005i5FJAAY","","","PR-VIPINTE0391485","","false","","","","","","","","","","","","","","","false","","false","false","","","false","","","","","","","false","","false","","","","false","","","",""
"a0u6g00000C5L3tAAF","","RELATIONSHIP GOLD (LEGACY)","2020-04-07T10:20:32.000Z","0056g000003hlBjAAI","2020-04-07T18:30:04.000Z","0056g000003hlBjAAI","","","","","","","a0t6g000004iky7AAA","a0n6g000005i5FJAAY","","","PR-RELATIO0692966","","false","","","","","","","","","","","","","","","false","","false","false","","","false","","","","","","","false","","false","","","","false","","","",""
"a0u6g00000C5L3uAAF","","CAROLINA PRIME (LEGACY)","2020-04-07T10:20:32.000Z","0056g000003hlBjAAI","2020-04-07T18:30:04.000Z","0056g000003hlBjAAI","","","","","","","a0t6g000004iky7AAA","a0n6g000005i5FJAAY","","","PR-CAROLIN0295781","","false","","","","","","","","","","","","","","","false","","false","false","","","false","","","","","","","false","","false","","","","false","","","",""
"a0u6g00000C5L3vAAF","","HEALTH SAVINGS ACCT (LEGACY)","2020-04-07T10:20:32.000Z","0056g000003hlBjAAI","2020-04-07T18:30:04.000Z","0056g000003hlBjAAI","","","","","","","a0t6g000004iky7AAA","a0n6g000005i5FJAAY","","","PR-HEALTHS0924850","","false","","","","","","","","","","","","","","","false","","false","false","","","false","","","","","","","false","","false","","","","false","","","",""
"a0u6g00000C5L3wAAF","","PLATINUM CHECKING","2020-04-07T10:20:32.000Z","0056g000003hlBjAAI","2020-04-07T18:30:04.000Z","0056g000003hlBjAAI","","","","","","","a0t6g000004iky7AAA","a0n6g000005i5FJAAY","","","PR-PLATINU0648714","","false","","","","","","","","","","","","","","","false","","false","false","","","false","","","","","","","false","","false","","","","false","","","",""
"a0u6g00000C5L3xAAF","","CHECKING PLUS-PERSNL (LEGACY)","2020-04-07T10:20:32.000Z","0056g000003hlBjAAI","2020-04-07T18:30:04.000Z","0056g000003hlBjAAI","","","","","","","a0t6g000004iky7AAA","a0n6g000005i5FJAAY","","","PR-CHECKIN0294015","","false","","","","","","","","","","","","","","","false","","false","false","","","false","","","","","","","false","","false","","","","false","","","",""
"a0u6g00000C5L3yAAF","","BONUS CHECKING (LEGACY)","2020-04-07T10:20:32.000Z","0056g000003hlBjAAI","2020-04-07T18:30:04.000Z","0056g000003hlBjAAI","","","","","","","a0t6g000004iky7AAA","a0n6g000005i5FJAAY","","","PR-BONUSCH0218899","","false","","","","","","","","","","","","","","","false","","false","false","","","false","","","","","","","false","","false","","","","false","","","",""
"a0u6g00000C5L3zAAF","","PRIVATE BANKING NOW (LEGACY)","2020-04-07T10:20:33.000Z","0056g000003hlBjAAI","2020-04-07T18:30:04.000Z","0056g000003hlBjAAI","","","","","","","a0t6g000004iky7AAA","a0n6g000005i5FJAAY","","","PR-PRIVATE0346634","","false","","","","","","","","","","","","","","","false","","false","false","","","false","","","","","","","false","","false","","","","false","","","",""
"a0u6g00000C5L40AAF","","MEGA CHECKING (LEGACY)","2020-04-07T10:20:33.000Z","0056g000003hlBjAAI","2020-04-07T18:30:04.000Z","0056g000003hlBjAAI","","","","","","","a0t6g000004iky7AAA","a0n6g000005i5FJAAY","","","PR-MEGACHE0264468","","false","","","","","","","","","","","","","","","false","","false","false","","","false","","","","","","","false","","false","","","","false","","","",""
"a0u6g00000C5L45AAF","","CHAIRMANS CLUB (LEGACY)","2020-04-07T10:21:20.000Z","0056g000003hlBjAAI","2020-04-07T18:30:04.000Z","0056g000003hlBjAAI","","","","","","","a0t6g000004iky8AAA","a0n6g000005i5FJAAY","","","PR-CHAIRMA0157571","","false","","","","","","","","","","","","","","","false","","false","false","","","false","","","","","","","false","","false","","","","false","","","",""
"a0u6g00000C5L46AAF","","FIRST CHOICE CHKG (LEGACY)","2020-04-07T10:21:20.000Z","0056g000003hlBjAAI","2020-04-07T18:30:04.000Z","0056g000003hlBjAAI","","","","","","","a0t6g000004iky8AAA","a0n6g000005i5FJAAY","","","PR-FIRSTCH0128089","","false","","","","","","","","","","","","","","","false","","false","false","","","false","","","","","","","false","","false","","","","false","","","",""
"a0u6g00000C5L47AAF","","VIP INTEREST CHECKNG (LEGACY)","2020-04-07T10:21:20.000Z","0056g000003hlBjAAI","2020-04-07T18:30:04.000Z","0056g000003hlBjAAI","","","","","","","a0t6g000004iky8AAA","a0n6g000005i5FJAAY","","","PR-VIPINTE0518969","","false","","","","","","","","","","","","","","","false","","false","false","","","false","","","","","","","false","","false","","","","false","","","",""
"a0u6g00000C5L48AAF","","RELATIONSHIP GOLD (LEGACY)","2020-04-07T10:21:20.000Z","0056g000003hlBjAAI","2020-04-07T18:30:04.000Z","0056g000003hlBjAAI","","","","","","","a0t6g000004iky8AAA","a0n6g000005i5FJAAY","","","PR-RELATIO0198834","","false","","","","","","","","","","","","","","","false","","false","false","","","false","","","","","","","false","","false","","","","false","","","",""
"a0u6g00000C5L49AAF","","CAROLINA PRIME (LEGACY)","2020-04-07T10:21:20.000Z","0056g000003hlBjAAI","2020-04-07T18:30:04.000Z","0056g000003hlBjAAI","","","","","","","a0t6g000004iky8AAA","a0n6g000005i5FJAAY","","","PR-CAROLIN0319345","","false","","","","","","","","","","","","","","","false","","false","false","","","false","","","","","","","false","","false","","","","false","","","",""
"a0u6g00000C5L4AAAV","","HEALTH SAVINGS ACCT (LEGACY)","2020-04-07T10:21:21.000Z","0056g000003hlBjAAI","2020-04-07T18:30:04.000Z","0056g000003hlBjAAI","","","","","","","a0t6g000004iky8AAA","a0n6g000005i5FJAAY","","","PR-HEALTHS0523065","","false","","","","","","","","","","","","","","","false","","false","false","","","false","","","","","","","false","","false","","","","false","","","",""
"a0u6g00000C5L4BAAV","","PLATINUM CHECKING","2020-04-07T10:21:21.000Z","0056g000003hlBjAAI","2020-04-07T18:30:04.000Z","0056g000003hlBjAAI","","","","","","","a0t6g000004iky8AAA","a0n6g000005i5FJAAY","","","PR-PLATINU0036336","","false","","","","","","","","","","","","","","","false","","false","false","","","false","","","","","","","false","","false","","","","false","","","",""
"a0u6g00000C5L4CAAV","","CHECKING PLUS-PERSNL (LEGACY)","2020-04-07T10:21:21.000Z","0056g000003hlBjAAI","2020-04-07T18:30:04.000Z","0056g000003hlBjAAI","","","","","","","a0t6g000004iky8AAA","a0n6g000005i5FJAAY","","","PR-CHECKIN0799792","","false","","","","","","","","","","","","","","","false","","false","false","","","false","","","","","","","false","","false","","","","false","","","",""
"a0u6g00000C5L4DAAV","","BONUS CHECKING (LEGACY)","2020-04-07T10:21:21.000Z","0056g000003hlBjAAI","2020-04-07T18:30:04.000Z","0056g000003hlBjAAI","","","","","","","a0t6g000004iky8AAA","a0n6g000005i5FJAAY","","","PR-BONUSCH0430839","","false","","","","","","","","","","","","","","","false","","false","false","","","false","","","","","","","false","","false","","","","false","","","",""
"a0u6g00000C5L4EAAV","","PRIVATE BANKING NOW (LEGACY)","2020-04-07T10:21:21.000Z","0056g000003hlBjAAI","2020-04-07T18:30:04.000Z","0056g000003hlBjAAI","","","","","","","a0t6g000004iky8AAA","a0n6g000005i5FJAAY","","","PR-PRIVATE0781905","","false","","","","","","","","","","","","","","","false","","false","false","","","false","","","","","","","false","","false","","","","false","","","",""
"a0u6g00000C5L4FAAV","","MEGA CHECKING (LEGACY)","2020-04-07T10:21:21.000Z","0056g000003hlBjAAI","2020-04-07T18:30:04.000Z","0056g000003hlBjAAI","","","","","","","a0t6g000004iky8AAA","a0n6g000005i5FJAAY","","","PR-MEGACHE0630024","","false","","","","","","","","","","","","","","","false","","false","false","","","false","","","","","","","false","","false","","","","false","","","",""
"a0u6g00000C5L4KAAV","","PLATINUM SAVINGS","2020-04-07T10:27:13.000Z","0056g000003hlBjAAI","2020-04-07T18:30:04.000Z","0056g000003hlBjAAI","","","","","","","a0t6g000004iky8AAA","a0n6g000005i5FJAAY","","","PR-PLATINU0684779","","false","","","","","","","","","","","","","","","false","","false","false","","","false","","","","","","","false","","false","","","","false","","","",""
"a0u6g00000C5L4LAAV","","PRE NEED BURIAL FUND","2020-04-07T10:27:13.000Z","0056g000003hlBjAAI","2020-04-07T18:30:04.000Z","0056g000003hlBjAAI","","","","","","","a0t6g000004iky8AAA","a0n6g000005i5FJAAY","","","PR-PRENEED0705166","","false","","","","","","","","","","","","","","","false","","false","false","","","false","","","","","","","false","","false","","","","false","","","",""
"a0u6g00000C5L4MAAV","","XMAS CLUB NON-DRAFT","2020-04-07T10:27:13.000Z","0056g000003hlBjAAI","2020-04-07T18:30:04.000Z","0056g000003hlBjAAI","","","","","","","a0t6g000004iky8AAA","a0n6g000005i5FJAAY","","","PR-XMASCLU0465321","","false","","","","","","","","","","","","","","","false","","false","false","","","false","","","","","","","false","","false","","","","false","","","",""
"a0u6g00000C5L4NAAV","","XMAS CLUB-DRAFT","2020-04-07T10:27:13.000Z","0056g000003hlBjAAI","2020-04-07T18:30:04.000Z","0056g000003hlBjAAI","","","","","","","a0t6g000004iky8AAA","a0n6g000005i5FJAAY","","","PR-XMASCLU0519142","","false","","","","","","","","","","","","","","","false","","false","false","","","false","","","","","","","false","","false","","","","false","","","",""
"a0u6g00000C5L4OAAV","","KID'S CLUB SAVINGS (LEGACY)","2020-04-07T10:27:14.000Z","0056g000003hlBjAAI","2020-04-07T18:30:04.000Z","0056g000003hlBjAAI","","","","","","","a0t6g000004iky8AAA","a0n6g000005i5FJAAY","","","PR-KIDSCLU0404420","","false","","","","","","","","","","","","","","","false","","false","false","","","false","","","","","","","false","","false","","","","false","","","",""
"a0u6g00000C5L4PAAV","","XMAS CLUB TRANSFER PAYOUT (LEGACY)","2020-04-07T10:27:14.000Z","0056g000003hlBjAAI","2020-04-07T18:30:04.000Z","0056g000003hlBjAAI","","","","","","","a0t6g000004iky8AAA","a0n6g000005i5FJAAY","","","PR-XMASCLU0474444","","false","","","","","","","","","","","","","","","false","","false","false","","","false","","","","","","","false","","false","","","","false","","","",""
"a0u6g00000C5L4QAAV","","VISA PLAT REWARDS AC (LEGACY)","2020-04-07T10:27:14.000Z","0056g000003hlBjAAI","2020-04-07T18:30:04.000Z","0056g000003hlBjAAI","","","","","","","a0t6g000004iky8AAA","a0n6g000005i5FJAAY","","","PR-VISAPLA0806631","","false","","","","","","","","","","","","","","","false","","false","false","","","false","","","","","","","false","","false","","","","false","","","",""
"a0u6g00000C5L4RAAV","","IRA SAVINGS","2020-04-07T10:27:14.000Z","0056g000003hlBjAAI","2020-04-07T18:30:04.000Z","0056g000003hlBjAAI","","","","","","","a0t6g000004iky8AAA","a0n6g000005i5FJAAY","","","PR-IRASAVI0055447","","false","","","","","","","","","","","","","","","false","","false","false","","","false","","","","","","","false","","false","","","","false","","","",""
"a0u6g00000DL0ugAAD","","HELOC SIM 17 Day Due","2020-06-12T15:27:52.000Z","0056g000003hlBjAAI","2020-06-12T15:36:18.000Z","0056g000003hlBjAAI","","","","","","","a0t6g0000003IoVAAU","a0n6g0000095di7AAA","","","PR-HELOCSI0879362","","false","","","","","","","","","","","","","","","false","","false","false","","","false","","","","","","","false","","false","","","","false","","","",""
"a0u6g00000DL0uhAAD","","HELOC SIM 21 Day Due","2020-06-12T15:27:53.000Z","0056g000003hlBjAAI","2020-06-12T15:36:18.000Z","0056g000003hlBjAAI","","","","","","","a0t6g0000003IoVAAU","a0n6g0000095di9AAA","","","PR-HELOCSI0874717","","false","","","","","","","","","","","","","","","false","","false","false","","","false","","","","","","","false","","false","","","","false","","","",""
"a0u6g00000DL0uiAAD","","HELOC SIM 19 Day Due","2020-06-12T15:27:53.000Z","0056g000003hlBjAAI","2020-06-12T15:36:18.000Z","0056g000003hlBjAAI","","","","","","","a0t6g0000003IoVAAU","a0n6g0000095di8AAA","","","PR-HELOCSI0467221","","false","","","","","","","","","","","","","","","false","","false","false","","","false","","","","","","","false","","false","","","","false","","","",""
"a0u6g00000DL5qSAAT","","LIFESTYLE CHECKING","2020-06-26T13:17:32.000Z","0056g000003hlBjAAI","2020-06-26T13:41:38.000Z","0056g000003hlBjAAI","","","","","","","a0t6g000004iky5AAA","a0n6g0000096mOoAAI","","","PR-LIFESTY0975806","","false","","","","","","","","","","","","","","","false","","false","false","","","false","","","","","","","false","","false","","","","false","","","",""
"a0u6g00000DL5qTAAT","","VETERANS CHKG-NONINT","2020-06-26T13:17:34.000Z","0056g000003hlBjAAI","2020-06-26T13:41:38.000Z","0056g000003hlBjAAI","","","","","","","a0t6g000004iky5AAA","a0n6g0000096mOpAAI","","","PR-VETERAN0223911","","false","","","","","","","","","","","","","","","false","","false","false","","","false","","","","","","","false","","false","","","","false","","","",""
"a0u6g00000DL5qUAAT","","CONVENIENCE CHECKING","2020-06-26T13:17:34.000Z","0056g000003hlBjAAI","2020-06-26T13:41:38.000Z","0056g000003hlBjAAI","","","","","","","a0t6g000004iky5AAA","a0n6g0000096mOqAAI","","","PR-CONVENI0491787","","false","","","","","","","","","","","","","","","false","","false","false","","","false","","","","","","","false","","false","","","","false","","","",""
"a0u6g00000DL5qVAAT","","BUSINESS PLUS CHKG","2020-06-26T13:17:34.000Z","0056g000003hlBjAAI","2020-06-26T13:41:38.000Z","0056g000003hlBjAAI","","","","","","","a0t6g000004iky5AAA","a0n6g0000096mOvAAI","","","PR-BUSINES0543446","","false","","","","","","","","","","","","","","","false","","false","false","","","false","","","","","","","false","","false","","","","false","","","",""
"a0u6g00000DL5qWAAT","","BUSINESS FIRST CHKG","2020-06-26T13:17:34.000Z","0056g000003hlBjAAI","2020-06-26T13:41:38.000Z","0056g000003hlBjAAI","","","","","","","a0t6g000004iky5AAA","a0n6g0000096mOwAAI","","","PR-BUSINES0688855","","false","","","","","","","","","","","","","","","false","","false","false","","","false","","","","","","","false","","false","","","","false","","","",""
"a0u6g00000DL5qXAAT","","CASHBACK CHECKING","2020-06-26T13:17:55.000Z","0056g000003hlBjAAI","2020-06-26T13:41:38.000Z","0056g000003hlBjAAI","","","","","","","a0t6g000004iky7AAA","a0n6g0000096mOrAAI","","","PR-CASHBAC0694712","","false","","","","","","","","","","","","","","","false","","false","false","","","false","","","","","","","false","","false","","","","false","","","",""
"a0u6g00000DL5qcAAD","","SENIOR CHECKING","2020-06-26T13:18:09.000Z","0056g000003hlBjAAI","2020-06-26T13:41:38.000Z","0056g000003hlBjAAI","","","","","","","a0t6g000004iky6AAA","a0n6g0000096mOsAAI","","","PR-SENIORC0221049","","false","","","","","","","","","","","","","","","false","","false","false","","","false","","","","","","","false","","false","","","","false","","","",""
"a0u6g00000DL5qdAAD","","VETERANS CHK-INTERST","2020-06-26T13:18:10.000Z","0056g000003hlBjAAI","2020-06-26T13:41:38.000Z","0056g000003hlBjAAI","","","","","","","a0t6g000004iky6AAA","a0n6g0000096mOtAAI","","","PR-VETERAN0569501","","false","","","","","","","","","","","","","","","false","","false","false","","","false","","","","","","","false","","false","","","","false","","","",""
"a0u6g00000DL5qhAAD","","CARO -SAVINGS","2020-06-26T13:18:30.000Z","0056g000003hlBjAAI","2020-06-26T13:41:38.000Z","0056g000003hlBjAAI","","","","","","","a0t6g000004iky8AAA","a0n6g0000096mOuAAI","","","PR-CAROSAV0442305","","false","","","","","","","","","","","","","","","false","","false","false","","","false","","","","","","","false","","false","","","","false","","","",""
