"Id","IsDeleted","Name","CreatedDate","CreatedById","LastModifiedDate","LastModifiedById","SystemModstamp","LastViewedDate","LastReferencedDate","ConnectionReceivedId","ConnectionSentId","LLC_BI__Product_Type__c","LLC_BI__Is_Booked__c","LLC_BI__Stage__c","LLC_BI__Stage_and_Status__c","LLC_BI__Status__c","LLC_BI__lookupKey__c","LLC_BI__Is_Closed__c","LLC_BI__External_Stage_Order__c","LLC_BI__External_Stage__c","LLC_BI__Is_Excluded_From_Stage_Duration__c","LLC_BI__Is_Ready_To_Transmit__c","LLC_BI__Activate__c","LLC_BI__Is_Covenant__c","wmx_module__c"
"a1V6g000002UZANEA4","","P-0000001778","2020-05-12T19:48:44.000Z","0056g000003hlBjAAI","2021-04-15T17:42:30.000Z","0054v00000EIZAcAAP","","","","","","a0t6g000004ikoaAAA","false","Boarding","","Open","a1V6g000002UZANEA4","true","","","false","false","false","false",""
"a1V6g000002UZAPEA4","","P-0000001780","2020-05-12T19:48:44.000Z","0056g000003hlBjAAI","2021-04-15T17:42:30.000Z","0054v00000EIZAcAAP","","","","","","a0t6g000004ikoaAAA","false","Boarding","","Paid-Out","a1V6g000002UZAPEA4","true","","","false","false","false","false",""
"a1V6g000002UZAQEA4","","P-0000001781","2020-05-12T19:48:44.000Z","0056g000003hlBjAAI","2021-04-15T17:42:31.000Z","0054v00000EIZAcAAP","","","","","","a0t6g000004ikoaAAA","false","Boarding","","Paid-Off","a1V6g000002UZAQEA4","true","","","false","false","false","false",""
"a1V6g000002UZCcEAO","","P-0000001907","2020-05-12T20:03:23.000Z","0056g000003hlBjAAI","2021-04-15T17:42:31.000Z","0054v00000EIZAcAAP","","","","","","a0t6g0000003IoUAAU","false","Boarding","","Open","a1V6g000002UZCcEAO","true","","","false","false","false","false",""
"a1V6g000002UZCdEAO","","P-0000001908","2020-05-12T20:03:23.000Z","0056g000003hlBjAAI","2021-04-15T17:42:32.000Z","0054v00000EIZAcAAP","","","","","","a0t6g0000003IoUAAU","false","Boarding","","Paid-Out","a1V6g000002UZCdEAO","true","","","false","false","false","false",""
"a1V6g000002UZCeEAO","","P-0000001909","2020-05-12T20:03:23.000Z","0056g000003hlBjAAI","2021-04-15T17:42:36.000Z","0054v00000EIZAcAAP","","","","","","a0t6g0000003IoUAAU","false","Boarding","","Paid-Off","a1V6g000002UZCeEAO","true","","","false","false","false","false",""
"a1V6g000002UZCfEAO","","P-0000001910","2020-05-12T20:03:23.000Z","0056g000003hlBjAAI","2021-04-15T17:42:36.000Z","0054v00000EIZAcAAP","","","","","","a0t6g0000003IoUAAU","true","Booked","","Open","a1V6g000002UZCfEAO","true","","","false","false","true","true",""
"a1V6g000002UZCgEAO","","P-0000001911","2020-05-12T20:03:23.000Z","0056g000003hlBjAAI","2021-04-15T17:42:37.000Z","0054v00000EIZAcAAP","","","","","","a0t6g0000003IoUAAU","true","Booked","","Paid-Out","a1V6g000002UZCgEAO","true","","","false","false","false","false",""
"a1V6g000002UZChEAO","","P-0000001912","2020-05-12T20:03:23.000Z","0056g000003hlBjAAI","2021-04-15T17:42:37.000Z","0054v00000EIZAcAAP","","","","","","a0t6g0000003IoUAAU","true","Booked","","Paid-Off","a1V6g000002UZChEAO","true","","","false","false","false","false",""
"a1V6g000002UZCiEAO","","P-0000001913","2020-05-12T20:03:23.000Z","0056g000003hlBjAAI","2021-04-15T17:42:42.000Z","0054v00000EIZAcAAP","","","","","","a0t6g0000003IoUAAU","true","Complete","","Open","a1V6g000002UZCiEAO","true","","","false","false","false","false",""
"a1V6g000002UZCjEAO","","P-0000001914","2020-05-12T20:03:23.000Z","0056g000003hlBjAAI","2021-04-15T17:42:42.000Z","0054v00000EIZAcAAP","","","","","","a0t6g0000003IoUAAU","true","Complete","","Paid-Out","a1V6g000002UZCjEAO","true","","","false","false","false","false",""
"a1V6g000002UZCkEAO","","P-0000001915","2020-05-12T20:03:23.000Z","0056g000003hlBjAAI","2021-04-15T17:42:43.000Z","0054v00000EIZAcAAP","","","","","","a0t6g0000003IoUAAU","true","Complete","","Paid-Off","a1V6g000002UZCkEAO","true","","","false","false","false","false",""
"a1V6g000002UZClEAO","","P-0000001916","2020-05-12T20:03:23.000Z","0056g000003hlBjAAI","2021-04-15T17:42:43.000Z","0054v00000EIZAcAAP","","","","","","a0t6g0000003IoWAAU","false","Boarding","","Open","a1V6g000002UZClEAO","true","","","false","false","false","false",""
"a1V6g000002UZCmEAO","","P-0000001917","2020-05-12T20:03:23.000Z","0056g000003hlBjAAI","2021-04-15T17:42:43.000Z","0054v00000EIZAcAAP","","","","","","a0t6g0000003IoWAAU","false","Boarding","","Paid-Out","a1V6g000002UZCmEAO","true","","","false","false","false","false",""
"a1V6g000002UZCnEAO","","P-0000001918","2020-05-12T20:03:23.000Z","0056g000003hlBjAAI","2021-04-15T17:42:48.000Z","0054v00000EIZAcAAP","","","","","","a0t6g0000003IoWAAU","false","Boarding","","Paid-Off","a1V6g000002UZCnEAO","true","","","false","false","false","false",""
"a1V6g000002UZCoEAO","","P-0000001919","2020-05-12T20:03:23.000Z","0056g000003hlBjAAI","2021-04-15T17:42:49.000Z","0054v00000EIZAcAAP","","","","","","a0t6g0000003IoWAAU","true","Booked","","Open","a1V6g000002UZCoEAO","true","","","false","false","true","true",""
"a1V6g000002UZCpEAO","","P-0000001920","2020-05-12T20:03:23.000Z","0056g000003hlBjAAI","2021-04-15T17:42:49.000Z","0054v00000EIZAcAAP","","","","","","a0t6g0000003IoWAAU","true","Booked","","Paid-Out","a1V6g000002UZCpEAO","true","","","false","false","false","false",""
"a1V6g000002UZCqEAO","","P-0000001921","2020-05-12T20:03:23.000Z","0056g000003hlBjAAI","2021-04-15T17:42:50.000Z","0054v00000EIZAcAAP","","","","","","a0t6g0000003IoWAAU","true","Booked","","Paid-Off","a1V6g000002UZCqEAO","true","","","false","false","false","false",""
"a1V6g000002UZCrEAO","","P-0000001922","2020-05-12T20:03:23.000Z","0056g000003hlBjAAI","2021-04-15T17:42:50.000Z","0054v00000EIZAcAAP","","","","","","a0t6g0000003IoWAAU","true","Complete","","Open","a1V6g000002UZCrEAO","true","","","false","false","false","false",""
"a1V6g000002UZCsEAO","","P-0000001923","2020-05-12T20:03:23.000Z","0056g000003hlBjAAI","2021-04-15T17:42:51.000Z","0054v00000EIZAcAAP","","","","","","a0t6g0000003IoWAAU","true","Complete","","Paid-Out","a1V6g000002UZCsEAO","true","","","false","false","false","false",""
"a1V6g000002UZCtEAO","","P-0000001924","2020-05-12T20:03:23.000Z","0056g000003hlBjAAI","2021-04-15T17:42:51.000Z","0054v00000EIZAcAAP","","","","","","a0t6g0000003IoWAAU","true","Complete","","Paid-Off","a1V6g000002UZCtEAO","true","","","false","false","false","false",""
"a1V6g000002UZCuEAO","","P-0000001925","2020-05-12T20:03:23.000Z","0056g000003hlBjAAI","2021-04-15T17:42:52.000Z","0054v00000EIZAcAAP","","","","","","a0t6g000004iknyAAA","false","Boarding","","Open","a1V6g000002UZCuEAO","true","","","false","false","false","false",""
"a1V6g000002UZCvEAO","","P-0000001926","2020-05-12T20:03:23.000Z","0056g000003hlBjAAI","2021-04-15T17:42:52.000Z","0054v00000EIZAcAAP","","","","","","a0t6g000004iknyAAA","false","Boarding","","Paid-Out","a1V6g000002UZCvEAO","true","","","false","false","false","false",""
"a1V6g000002UZCwEAO","","P-0000001927","2020-05-12T20:03:23.000Z","0056g000003hlBjAAI","2021-04-15T17:42:53.000Z","0054v00000EIZAcAAP","","","","","","a0t6g000004iknyAAA","false","Boarding","","Paid-Off","a1V6g000002UZCwEAO","true","","","false","false","false","false",""
"a1V6g000002UZCxEAO","","P-0000001928","2020-05-12T20:03:23.000Z","0056g000003hlBjAAI","2021-04-15T17:42:53.000Z","0054v00000EIZAcAAP","","","","","","a0t6g000004iknyAAA","true","Booked","","Open","a1V6g000002UZCxEAO","true","","","false","false","true","true",""
"a1V6g000002UZCyEAO","","P-0000001929","2020-05-12T20:03:23.000Z","0056g000003hlBjAAI","2021-04-15T17:42:54.000Z","0054v00000EIZAcAAP","","","","","","a0t6g000004iknyAAA","true","Booked","","Paid-Out","a1V6g000002UZCyEAO","true","","","false","false","false","false",""
"a1V6g000002UZCzEAO","","P-0000001930","2020-05-12T20:03:23.000Z","0056g000003hlBjAAI","2021-04-15T17:42:54.000Z","0054v00000EIZAcAAP","","","","","","a0t6g000004iknyAAA","true","Booked","","Paid-Off","a1V6g000002UZCzEAO","true","","","false","false","false","false",""
"a1V6g000002UZD0EAO","","P-0000001931","2020-05-12T20:03:23.000Z","0056g000003hlBjAAI","2021-04-15T17:42:55.000Z","0054v00000EIZAcAAP","","","","","","a0t6g000004iknyAAA","true","Complete","","Open","a1V6g000002UZD0EAO","true","","","false","false","false","false",""
"a1V6g000002UZD1EAO","","P-0000001932","2020-05-12T20:03:23.000Z","0056g000003hlBjAAI","2021-04-15T17:42:55.000Z","0054v00000EIZAcAAP","","","","","","a0t6g000004iknyAAA","true","Complete","","Paid-Out","a1V6g000002UZD1EAO","true","","","false","false","false","false",""
"a1V6g000002UZD2EAO","","P-0000001933","2020-05-12T20:03:23.000Z","0056g000003hlBjAAI","2021-04-15T17:42:55.000Z","0054v00000EIZAcAAP","","","","","","a0t6g000004iknyAAA","true","Complete","","Paid-Off","a1V6g000002UZD2EAO","true","","","false","false","false","false",""
"a1V6g000002UZD3EAO","","P-0000001934","2020-05-12T20:03:23.000Z","0056g000003hlBjAAI","2021-04-15T17:42:56.000Z","0054v00000EIZAcAAP","","","","","","a0t6g000004iknxAAA","false","Boarding","","Open","a1V6g000002UZD3EAO","true","","","false","false","false","false",""
"a1V6g000002UZD4EAO","","P-0000001935","2020-05-12T20:03:23.000Z","0056g000003hlBjAAI","2021-04-15T17:42:56.000Z","0054v00000EIZAcAAP","","","","","","a0t6g000004iknxAAA","false","Boarding","","Paid-Out","a1V6g000002UZD4EAO","true","","","false","false","false","false",""
"a1V6g000002UZD5EAO","","P-0000001936","2020-05-12T20:03:23.000Z","0056g000003hlBjAAI","2021-04-15T17:42:57.000Z","0054v00000EIZAcAAP","","","","","","a0t6g000004iknxAAA","false","Boarding","","Paid-Off","a1V6g000002UZD5EAO","true","","","false","false","false","false",""
"a1V6g000002UZD6EAO","","P-0000001937","2020-05-12T20:03:23.000Z","0056g000003hlBjAAI","2021-04-15T17:42:57.000Z","0054v00000EIZAcAAP","","","","","","a0t6g000004iknxAAA","true","Booked","","Open","a1V6g000002UZD6EAO","true","","","false","false","true","true",""
"a1V6g000002UZD7EAO","","P-0000001938","2020-05-12T20:03:23.000Z","0056g000003hlBjAAI","2021-04-15T17:42:57.000Z","0054v00000EIZAcAAP","","","","","","a0t6g000004iknxAAA","true","Booked","","Paid-Out","a1V6g000002UZD7EAO","true","","","false","false","false","false",""
"a1V6g000002UZD8EAO","","P-0000001939","2020-05-12T20:03:23.000Z","0056g000003hlBjAAI","2021-04-15T17:42:58.000Z","0054v00000EIZAcAAP","","","","","","a0t6g000004iknxAAA","true","Booked","","Paid-Off","a1V6g000002UZD8EAO","true","","","false","false","false","false",""
"a1V6g000002UZD9EAO","","P-0000001940","2020-05-12T20:03:23.000Z","0056g000003hlBjAAI","2021-04-15T17:42:59.000Z","0054v00000EIZAcAAP","","","","","","a0t6g000004iknxAAA","true","Complete","","Open","a1V6g000002UZD9EAO","true","","","false","false","false","false",""
"a1V6g000002UZDAEA4","","P-0000001941","2020-05-12T20:03:23.000Z","0056g000003hlBjAAI","2021-04-15T17:42:59.000Z","0054v00000EIZAcAAP","","","","","","a0t6g000004iknxAAA","true","Complete","","Paid-Out","a1V6g000002UZDAEA4","true","","","false","false","false","false",""
"a1V6g000002UZDBEA4","","P-0000001942","2020-05-12T20:03:23.000Z","0056g000003hlBjAAI","2021-04-15T17:42:59.000Z","0054v00000EIZAcAAP","","","","","","a0t6g000004iknxAAA","true","Complete","","Paid-Off","a1V6g000002UZDBEA4","true","","","false","false","false","false",""
"a1V6g000002UZDCEA4","","P-0000001943","2020-05-12T20:03:23.000Z","0056g000003hlBjAAI","2021-04-15T17:43:00.000Z","0054v00000EIZAcAAP","","","","","","a0t6g0000003IoVAAU","false","Boarding","","Open","a1V6g000002UZDCEA4","true","","","false","false","false","false",""
"a1V6g000002UZDDEA4","","P-0000001944","2020-05-12T20:03:23.000Z","0056g000003hlBjAAI","2021-04-15T17:43:00.000Z","0054v00000EIZAcAAP","","","","","","a0t6g0000003IoVAAU","false","Boarding","","Paid-Out","a1V6g000002UZDDEA4","true","","","false","false","false","false",""
"a1V6g000002UZDEEA4","","P-0000001945","2020-05-12T20:03:23.000Z","0056g000003hlBjAAI","2021-04-15T17:43:01.000Z","0054v00000EIZAcAAP","","","","","","a0t6g0000003IoVAAU","false","Boarding","","Paid-Off","a1V6g000002UZDEEA4","true","","","false","false","false","false",""
"a1V6g000002UZDFEA4","","P-0000001946","2020-05-12T20:03:23.000Z","0056g000003hlBjAAI","2021-04-15T17:43:01.000Z","0054v00000EIZAcAAP","","","","","","a0t6g0000003IoVAAU","true","Booked","","Open","a1V6g000002UZDFEA4","true","","","false","false","true","true",""
"a1V6g000002UZDGEA4","","P-0000001947","2020-05-12T20:03:23.000Z","0056g000003hlBjAAI","2021-04-15T17:43:02.000Z","0054v00000EIZAcAAP","","","","","","a0t6g0000003IoVAAU","true","Booked","","Paid-Out","a1V6g000002UZDGEA4","true","","","false","false","false","false",""
"a1V6g000002UZDHEA4","","P-0000001948","2020-05-12T20:03:23.000Z","0056g000003hlBjAAI","2021-04-15T17:43:02.000Z","0054v00000EIZAcAAP","","","","","","a0t6g0000003IoVAAU","true","Booked","","Paid-Off","a1V6g000002UZDHEA4","true","","","false","false","false","false",""
"a1V6g000002UZDIEA4","","P-0000001949","2020-05-12T20:03:23.000Z","0056g000003hlBjAAI","2021-04-15T17:43:03.000Z","0054v00000EIZAcAAP","","","","","","a0t6g0000003IoVAAU","true","Complete","","Open","a1V6g000002UZDIEA4","true","","","false","false","false","false",""
"a1V6g000002UZDJEA4","","P-0000001950","2020-05-12T20:03:23.000Z","0056g000003hlBjAAI","2021-04-15T17:43:03.000Z","0054v00000EIZAcAAP","","","","","","a0t6g0000003IoVAAU","true","Complete","","Paid-Out","a1V6g000002UZDJEA4","true","","","false","false","false","false",""
"a1V6g000002UZDKEA4","","P-0000001951","2020-05-12T20:03:23.000Z","0056g000003hlBjAAI","2021-04-15T17:42:10.000Z","0054v00000EIZAcAAP","","","","","","a0t6g0000003IoVAAU","true","Complete","","Paid-Off","a1V6g000002UZDKEA4","true","","","false","false","false","false",""
"a1V6g000002UZDLEA4","","P-0000001952","2020-05-12T20:03:23.000Z","0056g000003hlBjAAI","2021-04-15T17:42:07.000Z","0054v00000EIZAcAAP","","","","","","a0t6g000004iknwAAA","false","Boarding","","Open","a1V6g000002UZDLEA4","true","","","false","false","false","false",""
"a1V6g000002UZDMEA4","","P-0000001953","2020-05-12T20:03:23.000Z","0056g000003hlBjAAI","2021-04-15T17:42:08.000Z","0054v00000EIZAcAAP","","","","","","a0t6g000004iknwAAA","false","Boarding","","Paid-Out","a1V6g000002UZDMEA4","true","","","false","false","false","false",""
"a1V6g000002UZDNEA4","","P-0000001954","2020-05-12T20:03:23.000Z","0056g000003hlBjAAI","2021-04-15T17:42:09.000Z","0054v00000EIZAcAAP","","","","","","a0t6g000004iknwAAA","false","Boarding","","Paid-Off","a1V6g000002UZDNEA4","true","","","false","false","false","false",""
"a1V6g000002UZDOEA4","","P-0000001955","2020-05-12T20:03:23.000Z","0056g000003hlBjAAI","2021-04-15T17:42:09.000Z","0054v00000EIZAcAAP","","","","","","a0t6g000004iknwAAA","true","Booked","","Open","a1V6g000002UZDOEA4","true","","","false","false","true","true",""
"a1V6g000002UZDPEA4","","P-0000001956","2020-05-12T20:03:23.000Z","0056g000003hlBjAAI","2021-04-15T17:42:10.000Z","0054v00000EIZAcAAP","","","","","","a0t6g000004iknwAAA","true","Booked","","Paid-Out","a1V6g000002UZDPEA4","true","","","false","false","false","false",""
"a1V6g000002UZDQEA4","","P-0000001957","2020-05-12T20:03:23.000Z","0056g000003hlBjAAI","2021-04-15T17:42:11.000Z","0054v00000EIZAcAAP","","","","","","a0t6g000004iknwAAA","true","Booked","","Paid-Off","a1V6g000002UZDQEA4","true","","","false","false","false","false",""
"a1V6g000002UZDREA4","","P-0000001958","2020-05-12T20:03:23.000Z","0056g000003hlBjAAI","2021-04-15T17:42:12.000Z","0054v00000EIZAcAAP","","","","","","a0t6g000004iknwAAA","true","Complete","","Open","a1V6g000002UZDREA4","true","","","false","false","false","false",""
"a1V6g000002UZDSEA4","","P-0000001959","2020-05-12T20:03:23.000Z","0056g000003hlBjAAI","2021-04-15T17:42:12.000Z","0054v00000EIZAcAAP","","","","","","a0t6g000004iknwAAA","true","Complete","","Paid-Out","a1V6g000002UZDSEA4","true","","","false","false","false","false",""
"a1V6g000002UZDTEA4","","P-0000001960","2020-05-12T20:03:23.000Z","0056g000003hlBjAAI","2021-04-15T17:42:12.000Z","0054v00000EIZAcAAP","","","","","","a0t6g000004iknwAAA","true","Complete","","Paid-Off","a1V6g000002UZDTEA4","true","","","false","false","false","false",""
"a1V6g000002UZDUEA4","","P-0000001961","2020-05-12T20:03:23.000Z","0056g000003hlBjAAI","2021-04-15T17:42:13.000Z","0054v00000EIZAcAAP","","","","","","a0t6g0000003IoXAAU","false","Boarding","","Open","a1V6g000002UZDUEA4","true","","","false","false","false","false",""
"a1V6g000002UZDVEA4","","P-0000001962","2020-05-12T20:03:23.000Z","0056g000003hlBjAAI","2021-04-15T17:42:14.000Z","0054v00000EIZAcAAP","","","","","","a0t6g0000003IoXAAU","false","Boarding","","Paid-Out","a1V6g000002UZDVEA4","true","","","false","false","false","false",""
"a1V6g000002UZDWEA4","","P-0000001963","2020-05-12T20:03:23.000Z","0056g000003hlBjAAI","2021-04-15T17:42:14.000Z","0054v00000EIZAcAAP","","","","","","a0t6g0000003IoXAAU","false","Boarding","","Paid-Off","a1V6g000002UZDWEA4","true","","","false","false","false","false",""
"a1V6g000002UZDXEA4","","P-0000001964","2020-05-12T20:03:23.000Z","0056g000003hlBjAAI","2021-04-15T17:42:15.000Z","0054v00000EIZAcAAP","","","","","","a0t6g0000003IoXAAU","true","Booked","","Open","a1V6g000002UZDXEA4","true","","","false","false","true","true",""
"a1V6g000002UZDYEA4","","P-0000001965","2020-05-12T20:03:23.000Z","0056g000003hlBjAAI","2021-04-15T17:42:15.000Z","0054v00000EIZAcAAP","","","","","","a0t6g0000003IoXAAU","true","Booked","","Paid-Out","a1V6g000002UZDYEA4","true","","","false","false","false","false",""
"a1V6g000002UZDZEA4","","P-0000001966","2020-05-12T20:03:23.000Z","0056g000003hlBjAAI","2021-04-15T17:42:15.000Z","0054v00000EIZAcAAP","","","","","","a0t6g0000003IoXAAU","true","Booked","","Paid-Off","a1V6g000002UZDZEA4","true","","","false","false","false","false",""
"a1V6g000002UZDaEAO","","P-0000001967","2020-05-12T20:03:23.000Z","0056g000003hlBjAAI","2021-04-15T17:42:16.000Z","0054v00000EIZAcAAP","","","","","","a0t6g0000003IoXAAU","true","Complete","","Open","a1V6g000002UZDaEAO","true","","","false","false","false","false",""
"a1V6g000002UZDbEAO","","P-0000001968","2020-05-12T20:03:23.000Z","0056g000003hlBjAAI","2021-04-15T17:42:17.000Z","0054v00000EIZAcAAP","","","","","","a0t6g0000003IoXAAU","true","Complete","","Paid-Out","a1V6g000002UZDbEAO","true","","","false","false","false","false",""
"a1V6g000002UZDcEAO","","P-0000001969","2020-05-12T20:03:23.000Z","0056g000003hlBjAAI","2021-04-15T17:42:17.000Z","0054v00000EIZAcAAP","","","","","","a0t6g0000003IoXAAU","true","Complete","","Paid-Off","a1V6g000002UZDcEAO","true","","","false","false","false","false",""
"a1V6g000002UZDdEAO","","P-0000001970","2020-05-12T20:03:23.000Z","0056g000003hlBjAAI","2021-04-15T17:42:17.000Z","0054v00000EIZAcAAP","","","","","","a0t6g000004iknvAAA","false","Boarding","","Open","a1V6g000002UZDdEAO","true","","","false","false","false","false",""
"a1V6g000002UZDeEAO","","P-0000001971","2020-05-12T20:03:23.000Z","0056g000003hlBjAAI","2021-04-15T17:42:18.000Z","0054v00000EIZAcAAP","","","","","","a0t6g000004iknvAAA","false","Boarding","","Paid-Out","a1V6g000002UZDeEAO","true","","","false","false","false","false",""
"a1V6g000002UZDfEAO","","P-0000001972","2020-05-12T20:03:23.000Z","0056g000003hlBjAAI","2021-04-15T17:42:18.000Z","0054v00000EIZAcAAP","","","","","","a0t6g000004iknvAAA","false","Boarding","","Paid-Off","a1V6g000002UZDfEAO","true","","","false","false","false","false",""
"a1V6g000002UZDgEAO","","P-0000001973","2020-05-12T20:03:23.000Z","0056g000003hlBjAAI","2021-04-15T17:42:19.000Z","0054v00000EIZAcAAP","","","","","","a0t6g000004iknvAAA","true","Booked","","Open","a1V6g000002UZDgEAO","true","","","false","false","true","true",""
"a1V6g000002UZDhEAO","","P-0000001974","2020-05-12T20:03:23.000Z","0056g000003hlBjAAI","2021-04-15T17:42:19.000Z","0054v00000EIZAcAAP","","","","","","a0t6g000004iknvAAA","true","Booked","","Paid-Out","a1V6g000002UZDhEAO","true","","","false","false","false","false",""
"a1V6g000002UZDiEAO","","P-0000001975","2020-05-12T20:03:23.000Z","0056g000003hlBjAAI","2021-04-15T17:42:20.000Z","0054v00000EIZAcAAP","","","","","","a0t6g000004iknvAAA","true","Booked","","Paid-Off","a1V6g000002UZDiEAO","true","","","false","false","false","false",""
"a1V6g000002UZDjEAO","","P-0000001976","2020-05-12T20:03:23.000Z","0056g000003hlBjAAI","2021-04-15T17:42:20.000Z","0054v00000EIZAcAAP","","","","","","a0t6g000004iknvAAA","true","Complete","","Open","a1V6g000002UZDjEAO","true","","","false","false","false","false",""
"a1V6g000002UZDkEAO","","P-0000001977","2020-05-12T20:03:23.000Z","0056g000003hlBjAAI","2021-04-15T17:42:21.000Z","0054v00000EIZAcAAP","","","","","","a0t6g000004iknvAAA","true","Complete","","Paid-Out","a1V6g000002UZDkEAO","true","","","false","false","false","false",""
"a1V6g000002UZDlEAO","","P-0000001978","2020-05-12T20:03:23.000Z","0056g000003hlBjAAI","2021-04-15T17:42:21.000Z","0054v00000EIZAcAAP","","","","","","a0t6g000004iknvAAA","true","Complete","","Paid-Off","a1V6g000002UZDlEAO","true","","","false","false","false","false",""
"a1V6g000002UZDmEAO","","P-0000001979","2020-05-12T20:03:23.000Z","0056g000003hlBjAAI","2021-04-15T17:42:22.000Z","0054v00000EIZAcAAP","","","","","","a0t6g000004ikxZAAQ","false","Boarding","","Open","a1V6g000002UZDmEAO","true","","","false","false","false","false",""
"a1V6g000002UZDnEAO","","P-0000001980","2020-05-12T20:03:23.000Z","0056g000003hlBjAAI","2021-04-15T17:42:22.000Z","0054v00000EIZAcAAP","","","","","","a0t6g000004ikxZAAQ","false","Boarding","","Paid-Out","a1V6g000002UZDnEAO","true","","","false","false","false","false",""
"a1V6g000002UZDoEAO","","P-0000001981","2020-05-12T20:03:23.000Z","0056g000003hlBjAAI","2021-04-15T17:42:23.000Z","0054v00000EIZAcAAP","","","","","","a0t6g000004ikxZAAQ","false","Boarding","","Paid-Off","a1V6g000002UZDoEAO","true","","","false","false","false","false",""
"a1V6g000002UZDpEAO","","P-0000001982","2020-05-12T20:03:23.000Z","0056g000003hlBjAAI","2021-04-15T17:42:23.000Z","0054v00000EIZAcAAP","","","","","","a0t6g000004ikxZAAQ","true","Booked","","Open","a1V6g000002UZDpEAO","true","","","false","false","true","true",""
"a1V6g000002UZDqEAO","","P-0000001983","2020-05-12T20:03:23.000Z","0056g000003hlBjAAI","2021-04-15T17:42:24.000Z","0054v00000EIZAcAAP","","","","","","a0t6g000004ikxZAAQ","true","Booked","","Paid-Out","a1V6g000002UZDqEAO","true","","","false","false","false","false",""
"a1V6g000002UZDrEAO","","P-0000001984","2020-05-12T20:03:23.000Z","0056g000003hlBjAAI","2021-04-15T17:42:24.000Z","0054v00000EIZAcAAP","","","","","","a0t6g000004ikxZAAQ","true","Booked","","Paid-Off","a1V6g000002UZDrEAO","true","","","false","false","false","false",""
"a1V6g000002UZDsEAO","","P-0000001985","2020-05-12T20:03:23.000Z","0056g000003hlBjAAI","2021-04-15T17:42:24.000Z","0054v00000EIZAcAAP","","","","","","a0t6g000004ikxZAAQ","true","Complete","","Open","a1V6g000002UZDsEAO","true","","","false","false","false","false",""
"a1V6g000002UZDtEAO","","P-0000001986","2020-05-12T20:03:23.000Z","0056g000003hlBjAAI","2021-04-15T17:42:25.000Z","0054v00000EIZAcAAP","","","","","","a0t6g000004ikxZAAQ","true","Complete","","Paid-Out","a1V6g000002UZDtEAO","true","","","false","false","false","false",""
"a1V6g000002UZDuEAO","","P-0000001987","2020-05-12T20:03:23.000Z","0056g000003hlBjAAI","2021-04-15T17:42:25.000Z","0054v00000EIZAcAAP","","","","","","a0t6g000004ikxZAAQ","true","Complete","","Paid-Off","a1V6g000002UZDuEAO","true","","","false","false","false","false",""
"a1V6g000002UZDvEAO","","P-0000001988","2020-05-12T20:03:23.000Z","0056g000003hlBjAAI","2021-04-15T17:42:26.000Z","0054v00000EIZAcAAP","","","","","","a0t6g000004ikxUAAQ","false","Boarding","","Open","a1V6g000002UZDvEAO","true","","","false","false","false","false",""
"a1V6g000002UZDwEAO","","P-0000001989","2020-05-12T20:03:23.000Z","0056g000003hlBjAAI","2021-04-15T17:42:26.000Z","0054v00000EIZAcAAP","","","","","","a0t6g000004ikxUAAQ","false","Boarding","","Paid-Out","a1V6g000002UZDwEAO","true","","","false","false","false","false",""
"a1V6g000002UZDxEAO","","P-0000001990","2020-05-12T20:03:23.000Z","0056g000003hlBjAAI","2021-04-15T17:42:27.000Z","0054v00000EIZAcAAP","","","","","","a0t6g000004ikxUAAQ","false","Boarding","","Paid-Off","a1V6g000002UZDxEAO","true","","","false","false","false","false",""
"a1V6g000002UZDyEAO","","P-0000001991","2020-05-12T20:03:23.000Z","0056g000003hlBjAAI","2021-04-15T17:42:28.000Z","0054v00000EIZAcAAP","","","","","","a0t6g000004ikxUAAQ","true","Booked","","Open","a1V6g000002UZDyEAO","true","","","false","false","true","true",""
"a1V6g000002UZDzEAO","","P-0000001992","2020-05-12T20:03:23.000Z","0056g000003hlBjAAI","2021-04-15T17:42:28.000Z","0054v00000EIZAcAAP","","","","","","a0t6g000004ikxUAAQ","true","Booked","","Paid-Out","a1V6g000002UZDzEAO","true","","","false","false","false","false",""
"a1V6g000002UZE0EAO","","P-0000001993","2020-05-12T20:03:23.000Z","0056g000003hlBjAAI","2021-04-15T17:42:28.000Z","0054v00000EIZAcAAP","","","","","","a0t6g000004ikxUAAQ","true","Booked","","Paid-Off","a1V6g000002UZE0EAO","true","","","false","false","false","false",""
"a1V6g000002UZE1EAO","","P-0000001994","2020-05-12T20:03:23.000Z","0056g000003hlBjAAI","2021-04-15T17:42:29.000Z","0054v00000EIZAcAAP","","","","","","a0t6g000004ikxUAAQ","true","Complete","","Open","a1V6g000002UZE1EAO","true","","","false","false","false","false",""
"a1V6g000002UZE2EAO","","P-0000001995","2020-05-12T20:03:23.000Z","0056g000003hlBjAAI","2021-04-15T17:42:29.000Z","0054v00000EIZAcAAP","","","","","","a0t6g000004ikxUAAQ","true","Complete","","Paid-Out","a1V6g000002UZE2EAO","true","","","false","false","false","false",""
"a1V6g000002UZE3EAO","","P-0000001996","2020-05-12T20:03:23.000Z","0056g000003hlBjAAI","2021-04-15T17:42:32.000Z","0054v00000EIZAcAAP","","","","","","a0t6g000004ikxUAAQ","true","Complete","","Paid-Off","a1V6g000002UZE3EAO","true","","","false","false","false","false",""
"a1V6g000002UZE4EAO","","P-0000001997","2020-05-12T20:03:23.000Z","0056g000003hlBjAAI","2021-04-15T17:42:33.000Z","0054v00000EIZAcAAP","","","","","","a0t6g000004ikxPAAQ","false","Boarding","","Open","a1V6g000002UZE4EAO","true","","","false","false","false","false",""
"a1V6g000002UZE5EAO","","P-0000001998","2020-05-12T20:03:23.000Z","0056g000003hlBjAAI","2021-04-15T17:42:33.000Z","0054v00000EIZAcAAP","","","","","","a0t6g000004ikxPAAQ","false","Boarding","","Paid-Out","a1V6g000002UZE5EAO","true","","","false","false","false","false",""
"a1V6g000002UZE6EAO","","P-0000001999","2020-05-12T20:03:23.000Z","0056g000003hlBjAAI","2021-04-15T17:42:34.000Z","0054v00000EIZAcAAP","","","","","","a0t6g000004ikxPAAQ","false","Boarding","","Paid-Off","a1V6g000002UZE6EAO","true","","","false","false","false","false",""
"a1V6g000002UZE7EAO","","P-0000002000","2020-05-12T20:03:23.000Z","0056g000003hlBjAAI","2021-04-15T17:42:34.000Z","0054v00000EIZAcAAP","","","","","","a0t6g000004ikxPAAQ","true","Booked","","Open","a1V6g000002UZE7EAO","true","","","false","false","true","true",""
"a1V6g000002UZE8EAO","","P-0000002001","2020-05-12T20:03:23.000Z","0056g000003hlBjAAI","2021-04-15T17:42:35.000Z","0054v00000EIZAcAAP","","","","","","a0t6g000004ikxPAAQ","true","Booked","","Paid-Out","a1V6g000002UZE8EAO","true","","","false","false","false","false",""
"a1V6g000002UZE9EAO","","P-0000002002","2020-05-12T20:03:23.000Z","0056g000003hlBjAAI","2021-04-15T17:42:35.000Z","0054v00000EIZAcAAP","","","","","","a0t6g000004ikxPAAQ","true","Booked","","Paid-Off","a1V6g000002UZE9EAO","true","","","false","false","false","false",""
"a1V6g000002UZEAEA4","","P-0000002003","2020-05-12T20:03:23.000Z","0056g000003hlBjAAI","2021-04-15T17:42:37.000Z","0054v00000EIZAcAAP","","","","","","a0t6g000004ikxPAAQ","true","Complete","","Open","a1V6g000002UZEAEA4","true","","","false","false","false","false",""
"a1V6g000002UZEBEA4","","P-0000002004","2020-05-12T20:03:23.000Z","0056g000003hlBjAAI","2021-04-15T17:42:37.000Z","0054v00000EIZAcAAP","","","","","","a0t6g000004ikxPAAQ","true","Complete","","Paid-Out","a1V6g000002UZEBEA4","true","","","false","false","false","false",""
"a1V6g000002UZECEA4","","P-0000002005","2020-05-12T20:03:23.000Z","0056g000003hlBjAAI","2021-04-15T17:42:38.000Z","0054v00000EIZAcAAP","","","","","","a0t6g000004ikxPAAQ","true","Complete","","Paid-Off","a1V6g000002UZECEA4","true","","","false","false","false","false",""
"a1V6g000002UZEDEA4","","P-0000002006","2020-05-12T20:03:23.000Z","0056g000003hlBjAAI","2021-04-15T17:42:38.000Z","0054v00000EIZAcAAP","","","","","","a0t6g000004iko0AAA","false","Boarding","","Open","a1V6g000002UZEDEA4","true","","","false","false","false","false",""
"a1V6g000002UZEEEA4","","P-0000002007","2020-05-12T20:03:23.000Z","0056g000003hlBjAAI","2021-04-15T17:42:39.000Z","0054v00000EIZAcAAP","","","","","","a0t6g000004iko0AAA","false","Boarding","","Paid-Out","a1V6g000002UZEEEA4","true","","","false","false","false","false",""
"a1V6g000002UZEFEA4","","P-0000002008","2020-05-12T20:03:23.000Z","0056g000003hlBjAAI","2021-04-15T17:42:39.000Z","0054v00000EIZAcAAP","","","","","","a0t6g000004iko0AAA","false","Boarding","","Paid-Off","a1V6g000002UZEFEA4","true","","","false","false","false","false",""
"a1V6g000002UZEGEA4","","P-0000002009","2020-05-12T20:03:23.000Z","0056g000003hlBjAAI","2021-04-15T17:42:40.000Z","0054v00000EIZAcAAP","","","","","","a0t6g000004iko0AAA","true","Booked","","Open","a1V6g000002UZEGEA4","true","","","false","false","true","true",""
"a1V6g000002UZEHEA4","","P-0000002010","2020-05-12T20:03:23.000Z","0056g000003hlBjAAI","2021-04-15T17:42:40.000Z","0054v00000EIZAcAAP","","","","","","a0t6g000004iko0AAA","true","Booked","","Paid-Out","a1V6g000002UZEHEA4","true","","","false","false","false","false",""
"a1V6g000002UZEIEA4","","P-0000002011","2020-05-12T20:03:23.000Z","0056g000003hlBjAAI","2021-04-15T17:42:41.000Z","0054v00000EIZAcAAP","","","","","","a0t6g000004iko0AAA","true","Booked","","Paid-Off","a1V6g000002UZEIEA4","true","","","false","false","false","false",""
"a1V6g000002UZEJEA4","","P-0000002012","2020-05-12T20:03:23.000Z","0056g000003hlBjAAI","2021-04-15T17:42:41.000Z","0054v00000EIZAcAAP","","","","","","a0t6g000004iko0AAA","true","Complete","","Open","a1V6g000002UZEJEA4","true","","","false","false","false","false",""
"a1V6g000002UZEKEA4","","P-0000002013","2020-05-12T20:03:23.000Z","0056g000003hlBjAAI","2021-04-15T17:42:48.000Z","0054v00000EIZAcAAP","","","","","","a0t6g000004iko0AAA","true","Complete","","Paid-Out","a1V6g000002UZEKEA4","true","","","false","false","false","false",""
"a1V6g000002UZELEA4","","P-0000002014","2020-05-12T20:03:23.000Z","0056g000003hlBjAAI","2021-04-15T17:42:44.000Z","0054v00000EIZAcAAP","","","","","","a0t6g000004iko0AAA","true","Complete","","Paid-Off","a1V6g000002UZELEA4","true","","","false","false","false","false",""
"a1V6g000002UZEMEA4","","P-0000002015","2020-05-12T20:05:54.000Z","0056g000003hlBjAAI","2021-04-15T17:42:44.000Z","0054v00000EIZAcAAP","","","","","","a0t6g000004ikoaAAA","true","Booked","","Open","a1V6g000002UZEMEA4","true","","","false","false","true","true",""
"a1V6g000002UZENEA4","","P-0000002016","2020-05-12T20:05:54.000Z","0056g000003hlBjAAI","2021-04-15T17:42:45.000Z","0054v00000EIZAcAAP","","","","","","a0t6g000004ikoaAAA","true","Booked","","Paid-Out","a1V6g000002UZENEA4","true","","","false","false","false","false",""
"a1V6g000002UZEOEA4","","P-0000002017","2020-05-12T20:05:54.000Z","0056g000003hlBjAAI","2021-04-15T17:42:45.000Z","0054v00000EIZAcAAP","","","","","","a0t6g000004ikoaAAA","true","Booked","","Paid-Off","a1V6g000002UZEOEA4","true","","","false","false","false","false",""
"a1V6g000002UZEPEA4","","P-0000002018","2020-05-12T20:05:54.000Z","0056g000003hlBjAAI","2021-04-15T17:42:46.000Z","0054v00000EIZAcAAP","","","","","","a0t6g000004ikoaAAA","true","Complete","","Open","a1V6g000002UZEPEA4","true","","","false","false","false","false",""
"a1V6g000002UZEQEA4","","P-0000002019","2020-05-12T20:05:54.000Z","0056g000003hlBjAAI","2021-04-15T17:42:47.000Z","0054v00000EIZAcAAP","","","","","","a0t6g000004ikoaAAA","true","Complete","","Paid-Out","a1V6g000002UZEQEA4","true","","","false","false","false","false",""
"a1V6g000002UZEREA4","","P-0000002020","2020-05-12T20:05:54.000Z","0056g000003hlBjAAI","2021-04-15T17:42:47.000Z","0054v00000EIZAcAAP","","","","","","a0t6g000004ikoaAAA","true","Complete","","Paid-Off","a1V6g000002UZEREA4","true","","","false","false","false","false",""
