"Id","IsDeleted","Name","SetupOwnerId","CreatedDate","CreatedById","LastModifiedDate","LastModifiedById","SystemModstamp","LLC_BI__Category_Name__c","LLC_BI__Is_Active__c","LLC_BI__Key__c","LLC_BI__Value__c","LLC_BI__Description__c","wmx_module__c"
"a1D4v000006uTjEEAU","","9A63A05A_F02F_4034_8DA7_020546243977","00D6g0000052B2qEAE","2021-02-11T04:33:57.000Z","0056g000003hlHUAAY","2021-02-11T04:33:57.000Z","0056g000003hlHUAAY","","TM Maintenance","true","TM_Maintenance_Allow_Duplicate_OTM","false","This system property gives admins the option to include deposits/contacts already associated with a Treasury Service. By default, the system property value is set to false and deposits/contacts already associated with a Treasury Service will be excluded.",""
"a1D4v000007eOb6EAE","","573C86B7_3CB1_42C4_AA65_FF47FF978623","00D6g0000052B2qEAE","2021-08-04T23:14:02.000Z","0056g000003hlHVAAY","2021-08-04T23:14:02.000Z","0056g000003hlHVAAY","","underwriting","true","Separate_Annuals","false","When active and true, this system property allows analysts to group two different Spreads periods (annual and interim periods) in the output of print, export, or import analysis. By default, the system sets Is Active to true and the value to false.",""
"a1D4v000007eOb7EAE","","74E0FB55_332C_4033_885F_CA0E614DFA66","00D6g0000052B2qEAE","2021-08-04T23:14:02.000Z","0056g000003hlHVAAY","2021-08-04T23:14:02.000Z","0056g000003hlHVAAY","","underwriting","true","Scale_Math_In_Cell","false","This system property enables the ability to scale math (addition and subtraction) in cell. On installation, the system sets Is Active to true and the value to false.",""
"a1D4v000007eOb8EAE","","0E1A109F_012F_4C57_8E3A_EEF0DD7143D8","00D6g0000052B2qEAE","2021-08-04T23:14:02.000Z","0056g000003hlHVAAY","2021-08-04T23:14:02.000Z","0056g000003hlHVAAY","","Spreads_Debt_Schedule","true","DebtScheduleEntityInvolvementInclusion",",","This system property determines which entity involvements types on loans to include within the Debt Schedule in Spreads. By default, the system sets Is Active to true and the value to a single comma (,).",""
"a1D4v000007ixbYEAQ","","CLEANER.Underwriting Cleaner","00D6g0000052B2qEAE","2021-08-26T17:21:31.000Z","0054v00000E7XrOAAV","2021-08-26T17:21:31.000Z","0054v00000E7XrOAAV","","CLEANER","true","CLEANER.Underwriting Cleaner","08e4v00001J3w9q","",""
"a1D4v000007ixbZEAQ","","CLEANER.Lien Batch Updater","00D6g0000052B2qEAE","2021-08-26T17:21:31.000Z","0054v00000E7XrOAAV","2021-08-26T17:21:31.000Z","0054v00000E7XrOAAV","","CLEANER","true","CLEANER.Lien Batch Updater","08e4v00001J3w9r","",""
"a1D6g000001DSmHEAW","","42797660592160121","00D6g0000052B2qEAE","2020-01-24T21:56:41.000Z","0056g000003hlBjAAI","2020-01-24T21:56:41.000Z","0056g000003hlBjAAI","","underwriting","true","ncred_webpack_resource","nCRED__vf_includes","",""
"a1D6g000001DSmIEAW","","42892025178781697","00D6g0000052B2qEAE","2020-01-24T21:56:41.000Z","0056g000003hlBjAAI","2020-01-24T21:56:41.000Z","0056g000003hlBjAAI","","underwriting","true","section.Income Statement.hide","false","",""
"a1D6g000001DSmJEAW","","42388590213150700","00D6g0000052B2qEAE","2020-01-24T21:56:41.000Z","0056g000003hlBjAAI","2020-01-24T21:56:41.000Z","0056g000003hlBjAAI","","underwriting","true","section.Income Statement.render","false","",""
"a1D6g000001DSmKEAW","","42980559692389223","00D6g0000052B2qEAE","2020-01-24T21:56:41.000Z","0056g000003hlBjAAI","2020-01-24T21:56:41.000Z","0056g000003hlBjAAI","","underwriting","true","section.Income Statement.order","7","",""
"a1D6g000001DSmLEAW","","42923667201855594","00D6g0000052B2qEAE","2020-01-24T21:56:41.000Z","0056g000003hlBjAAI","2020-01-24T21:56:41.000Z","0056g000003hlBjAAI","","underwriting","true","section.Balance Sheet.hide","false","",""
"a1D6g000001DSmMEAW","","42243265222135256","00D6g0000052B2qEAE","2020-01-24T21:56:41.000Z","0056g000003hlBjAAI","2020-01-24T21:56:41.000Z","0056g000003hlBjAAI","","underwriting","true","section.Balance Sheet.render","false","",""
"a1D6g000001DSmNEAW","","42729093741145130","00D6g0000052B2qEAE","2020-01-24T21:56:41.000Z","0056g000003hlBjAAI","2020-01-24T21:56:41.000Z","0056g000003hlBjAAI","","underwriting","true","section.Balance Sheet.order","8","",""
"a1D6g000001DSmOEAW","","42844254584470830","00D6g0000052B2qEAE","2020-01-24T21:56:41.000Z","0056g000003hlBjAAI","2020-01-24T21:56:41.000Z","0056g000003hlBjAAI","","underwriting","true","section.Personal Financial Statement.hide","false","",""
"a1D6g000001DSmPEAW","","42318646524126507","00D6g0000052B2qEAE","2020-01-24T21:56:41.000Z","0056g000003hlBjAAI","2020-01-24T21:56:41.000Z","0056g000003hlBjAAI","","underwriting","true","section.Personal Financial Statement.render","false","",""
"a1D6g000001DSmQEAW","","42955239220352579","00D6g0000052B2qEAE","2020-01-24T21:56:41.000Z","0056g000003hlBjAAI","2020-01-24T21:56:41.000Z","0056g000003hlBjAAI","","underwriting","true","section.Personal Financial Statement.order","11","",""
"a1D6g000001DSmREAW","","42283732342246056","00D6g0000052B2qEAE","2020-01-24T21:56:41.000Z","0056g000003hlBjAAI","2020-01-24T21:56:41.000Z","0056g000003hlBjAAI","","underwriting","true","section.Budget.hide","false","",""
"a1D6g000001DSmSEAW","","42310995049989147","00D6g0000052B2qEAE","2020-01-24T21:56:41.000Z","0056g000003hlBjAAI","2020-01-24T21:56:41.000Z","0056g000003hlBjAAI","","underwriting","true","section.Budget.render","false","",""
"a1D6g000001DSmTEAW","","42057856355613198","00D6g0000052B2qEAE","2020-01-24T21:56:41.000Z","0056g000003hlBjAAI","2020-01-24T21:56:41.000Z","0056g000003hlBjAAI","","underwriting","true","section.Budget.order","12","",""
"a1D6g000001DSmUEAW","","42197077597208867","00D6g0000052B2qEAE","2020-01-24T21:56:41.000Z","0056g000003hlBjAAI","2020-01-24T21:56:41.000Z","0056g000003hlBjAAI","","Credit Memo","true","credit_memo_display_empty_narratives","true","",""
"a1D6g000001DSmVEAW","","42289189592915091","00D6g0000052B2qEAE","2020-01-24T21:56:41.000Z","0056g000003hlBjAAI","2020-01-24T21:56:41.000Z","0056g000003hlBjAAI","","MEMO","true","AutoGeneratedCategories","","",""
"a1D6g000001DSmWEAW","","42833878844792387","00D6g0000052B2qEAE","2020-01-24T21:56:41.000Z","0056g000003hlBjAAI","2020-01-24T21:56:41.000Z","0056g000003hlBjAAI","","complex_deal_support","true","Disable_No_Action_Cloning","true","",""
"a1D6g000001DSmXEAW","","42321731563139104","00D6g0000052B2qEAE","2020-01-24T21:56:41.000Z","0056g000003hlBjAAI","2020-01-24T21:56:41.000Z","0056g000003hlBjAAI","","decline_withdraw_from_highest_down","true","decline_withdraw_from_highest_down","false","",""
"a1D6g000001DSmYEAW","","TM Proforma Options Account","00D6g0000052B2qEAE","2020-01-24T21:56:41.000Z","0056g000003hlBjAAI","2020-01-24T21:56:41.000Z","0056g000003hlBjAAI","","TM Proforma","true","TM_Proforma_Options_Account","Account_Proforma_ECA","This field indicates the field set that will be used to display the fields on the Scenario Options modal that are on the Account object",""
"a1D6g000001DSmZEAW","","TM Proforma Options Scenario","00D6g0000052B2qEAE","2020-01-24T21:56:41.000Z","0056g000003hlBjAAI","2020-01-24T21:56:41.000Z","0056g000003hlBjAAI","","TM Proforma","true","TM_Proforma_Options_Scenario","Scenario_Proforma_ECA","This field indicates the field set that will be use to display the fields on the Scenario Options modal that are on the Scenario object",""
"a1D6g000001DSmaEAG","","TM Proforma Quantity Pricing","00D6g0000052B2qEAE","2020-01-24T21:56:41.000Z","0056g000003hlBjAAI","2020-01-24T21:56:41.000Z","0056g000003hlBjAAI","","TM Proforma","true","TM_Proforma_Quantity_Pricing_Page","TM_Proforma_Quantity_Pricing","This field indicates the field set that will be use to display the fields on the Proforma Quantity and Pricing screen",""
"a1D6g000001DSmbEAG","","TM Proforma Default Style","00D6g0000052B2qEAE","2020-01-24T21:56:41.000Z","0056g000003hlBjAAI","2020-01-24T21:56:41.000Z","0056g000003hlBjAAI","","TM Proforma","true","TM_Proforma_Default_Style","/resource/1510692211595/LLC_BI__ncProforma/css/Style.css","This field indicates the static resource name for the default styles of Proforma base page and template.",""
"a1D6g000001DSmcEAG","","TM Proforma Total Quantity Pricing","00D6g0000052B2qEAE","2020-01-24T21:56:41.000Z","0056g000003hlBjAAI","2020-01-24T21:56:41.000Z","0056g000003hlBjAAI","","TM Proforma","true","TM_Proforma_Total_Quantity_Pricing","TM_Proforma_Total_Quantity_Pricing","This field indicates field-set is used to display the configurable columns in the summary row on the Proforma Quantity and Pricing screen",""
"a1D6g000001DSmdEAG","","Scenario Card Screen","00D6g0000052B2qEAE","2020-01-24T21:56:41.000Z","0056g000003hlBjAAI","2020-01-24T21:56:41.000Z","0056g000003hlBjAAI","","TM Proforma","true","Scenario_Card_Screen","Scenario_Card_Screen","This field indicates the value of the lookup_key for the Screen record used to define the Scenario Card layout",""
"a1D6g000001DSmeEAG","","TM Proforma Default Convert Stage","00D6g0000052B2qEAE","2020-01-24T21:56:41.000Z","0056g000003hlBjAAI","2020-01-24T21:56:41.000Z","0056g000003hlBjAAI","","TM Proforma","true","TM_Proforma_Default_Convert_Stage","Order Entry","",""
"a1D6g000001DSmfEAG","","Booked_Loan_Trigger_Handler","00D6g0000052B2qEAE","2020-01-24T21:56:41.000Z","0056g000003hlBjAAI","2020-01-24T21:56:41.000Z","0056g000003hlBjAAI","","Booked_Loan_Trigger_Handler","true","Disable_Lien_Creation","false","",""
"a1D6g000001DSmgEAG","","collateral_creation","00D6g0000052B2qEAE","2020-01-24T21:56:41.000Z","0056g000003hlBjAAI","2020-01-24T21:56:41.000Z","0056g000003hlBjAAI","","collateral_creation","true","create_child_same_type","true","",""
"a1D6g000001DSmhEAG","","42850263832301271","00D6g0000052B2qEAE","2020-01-24T21:56:41.000Z","0056g000003hlBjAAI","2020-01-24T21:56:41.000Z","0056g000003hlBjAAI","","LoanLifeCycleSearchCategory","true","LoanLifeCycleSearchKey","false","",""
"a1D6g000001DSmiEAG","","42527161401016274","00D6g0000052B2qEAE","2020-01-24T21:56:41.000Z","0056g000003hlHUAAY","2020-01-24T21:56:41.000Z","0056g000003hlHUAAY","","Manage Loan Fees","true","Fees Per Page","50","",""
"a1D6g000001DSmjEAG","","42273781873254846","00D6g0000052B2qEAE","2020-01-24T21:56:41.000Z","0056g000003hlHUAAY","2020-01-24T21:56:41.000Z","0056g000003hlHUAAY","","MEMO","true","AutoGeneratedCategories","","",""
"a1D6g000001DSmkEAG","","7EB5DA02_BAA2_4AF5_8586_5F267D94EB75","00D6g0000052B2qEAE","2020-01-24T21:56:41.000Z","0056g000003hlHUAAY","2020-01-24T21:56:41.000Z","0056g000003hlHUAAY","","system_admin","true","last_installed_time","1541455172821","",""
"a1D6g000001DSmlEAG","","DFA2996A_BC25_4DFE_A44A_BCCB7BB727CC","00D6g0000052B2qEAE","2020-01-24T21:56:41.000Z","0056g000003hlHUAAY","2020-01-24T21:56:41.000Z","0056g000003hlHUAAY","","system_admin","true","last_installed_by_id","0056g000003hlHUAAY","",""
"a1D6g000001DSmmEAG","","16976AAC_96E0_4096_A603_997E758E901D","00D6g0000052B2qEAE","2020-01-24T21:56:41.000Z","0056g000003hlHUAAY","2020-01-24T21:56:41.000Z","0056g000003hlHUAAY","","Loan_Facility_Creation","false","Hide_Loan_Name","Temporary Name Value","When this system property is active, the loan name does not render on the Loan Facility Creation page. The value is the temporary name created for any new loan or facility. By default, it is inactive.",""
"a1D6g000001DSmnEAG","","6FC36E5F_2345_4321_8618_30C376FA5741","00D6g0000052B2qEAE","2020-01-24T21:56:41.000Z","0056g000003hlHUAAY","2020-01-24T21:56:41.000Z","0056g000003hlBjAAI","","Loan_Facility_Creation","true","Additional_Fields_Default_Screen","Default_Loan_Facility_Creation_Additional_Fields","This is the lookup key for the default screen utilized in additional fields.",""
"a1D6g000001DSmoEAG","","42062046647961870","00D6g0000052B2qEAE","2020-01-24T21:56:41.000Z","0056g000003hlHUAAY","2020-01-24T21:56:41.000Z","0056g000003hlHUAAY","","complex_deal_support","true","inactive_package_stages","Complete","",""
"a1D6g000001DSmpEAG","","42472444434870719","00D6g0000052B2qEAE","2020-01-24T21:56:41.000Z","0056g000003hlHUAAY","2020-01-24T21:56:41.000Z","0056g000003hlHUAAY","","complex_deal_support","true","inactive_package_statuses","Rejected,Recalled,Declined,Complete,Lost,Withdrawn,Intermediately Rejected","",""
"a1D6g000001DSmqEAG","","Show Setup Fee","00D6g0000052B2qEAE","2020-01-24T21:56:41.000Z","0056g000003hlHUAAY","2020-01-24T21:56:41.000Z","0056g000003hlHUAAY","","TM Proforma","true","TM_Proforma_Show_Setup_Fee","True","This system property gives administrators the option to display the Setup Fee total on the Proforma Summary card. By default, the system property value is set to true, and the Setup Fee total displays on the Proforma Summary card.",""
"a1D6g000001DSmrEAG","","42152955916191256","00D6g0000052B2qEAE","2020-01-24T21:56:41.000Z","0056g000003hlHVAAY","2020-01-24T21:56:41.000Z","0056g000003hlHVAAY","","underwriting","true","Spreads 2018 R2","true","",""
"a1D6g000001DSmsEAG","","42635321148244846","00D6g0000052B2qEAE","2020-01-24T21:56:41.000Z","0056g000003hlHVAAY","2020-01-24T21:56:41.000Z","0056g000003hlHVAAY","","underwriting","true","NOI 2018 R1","true","",""
"a1D6g000001DSmtEAG","","1D3BA638_465D_4C6B_8806_CE4DC8AA53F2","00D6g0000052B2qEAE","2020-01-24T21:56:41.000Z","0056g000003hlI5AAI","2020-01-24T21:56:41.000Z","0056g000003hlI5AAI","","FormsLite","true","SaveAttachment","true","",""
"a1D6g000001DSmuEAG","","F2E6A6BD_FCFB_48C2_93DF_D0DFF3871F06","00D6g0000052B2qEAE","2020-01-24T21:56:41.000Z","0056g000003hlI5AAI","2020-01-24T21:56:41.000Z","0056g000003hlI5AAI","","FormsDocumentManager","true","SaveToDocumentManager","true","",""
"a1D6g000001DSmvEAG","","EE188F14_2547_4A2A_BAA5_A8D83BEE4FAB","00D6g0000052B2qEAE","2020-01-24T21:56:41.000Z","0056g000003hlBjAAI","2020-01-24T21:56:41.000Z","0056g000003hlBjAAI","","system_admin","true","enable_batch_button","true","",""
"a1D6g000001DSmwEAG","","843352574446501844","00D6g0000052B2qEAE","2020-01-24T21:56:41.000Z","0056g000003hlBjAAI","2020-01-24T21:56:41.000Z","0056g000003hlBjAAI","","CSA Customer Success Admin","true","Is_Installed_CSA_Admin","true","",""
"a1D6g000001DSmxEAG","","Enable_Data_Carryover","00D6g0000052B2qEAE","2020-01-24T21:56:41.000Z","0056g000003hlHUAAY","2020-01-24T21:56:41.000Z","0056g000003hlHUAAY","","TM Maintenance","true","Enable_Data_Carryover","false","This system setting enables support for cross tab conditional rendering within the Treasury Maintenance experience.",""
"a1D6g000001DSmyEAG","","Write Back Blocked Objects","00D6g0000052B2qEAE","2020-01-24T21:56:41.000Z","0056g000003hlHUAAY","2020-01-24T21:56:41.000Z","0056g000003hlHUAAY","","TM Maintenance","true","Write_Back_Blocked_Objects","User,LLC_BI__Checklist__c","This property allows you to enter a comma delimited list of SObjects that will not be updated when the Treasury Maintenance write back trigger is executed. On installation, the system sets Is Active to true and the value to 'User,LLC_BI__Checklist__c'.",""
"a1D6g000001DSmzEAG","","Spreads TTM Data Update","00D6g0000052B2qEAE","2020-01-24T21:56:41.000Z","0056g000003hlHVAAY","2020-01-24T21:56:41.000Z","0056g000003hlHVAAY","","underwriting","true","spreads_ttm_data_update","true","This system property identifies when the system has executed the TTMLookupBatchUpdater and TTMRecordValueBatchUpdater batch updaters. On installation, the system sets Is Active to True and the value to True if the system has executed the batch updaters.",""
"a1D6g000001DSn0EAG","","42870706282035847","00D6g0000052B2qEAE","2020-01-24T21:56:41.000Z","0056g000003hlBjAAI","2020-01-24T21:56:41.000Z","0056g000003hlBjAAI","","MEMO","true","AutoGeneratedCategories","","",""
"a1D6g000001DSn1EAG","","Delete Maintenance Order Statuses","00D6g0000052B2qEAE","2020-01-24T21:56:41.000Z","0056g000003hlBjAAI","2020-01-24T21:56:41.000Z","0056g000003hlBjAAI","","TM Maintenance","true","TM_Delete_Maintenance_Order_Statuses","New","This field indicates the which statuses will cause the Delete icon to display for a maintenance order on the Maintenance Request Orders card.",""
"a1D6g000001DSn2EAG","","Edit Maintenance Statuses","00D6g0000052B2qEAE","2020-01-24T21:56:41.000Z","0056g000003hlBjAAI","2020-01-24T21:56:41.000Z","0056g000003hlBjAAI","","TM Maintenance","true","TM_Maintenance_Edit_Statuses","Submitted, Open","This field indicates the which statues will cause the Edit link to display for a treasury maintenance record",""
"a1D6g000001DSn3EAG","","Delete Maintenance Request Statuses","00D6g0000052B2qEAE","2020-01-24T21:56:41.000Z","0056g000003hlBjAAI","2020-01-24T21:56:41.000Z","0056g000003hlBjAAI","","TM Maintenance","true","TM_Delete_Maintenance_Request_Statuses","Submitted","This field indicates the which statuses will cause the Delete link to display for a treasury maintenance record",""
"a1D6g000001DSn4EAG","","Complete Maintenance Statuses","00D6g0000052B2qEAE","2020-01-24T21:56:41.000Z","0056g000003hlBjAAI","2020-01-24T21:56:41.000Z","0056g000003hlBjAAI","","TM Maintenance","true","TM_Maintenance_Complete_Statuses","Complete","Enter a comma-delimited list of statuses that update the Treasury Service parameters per maintenance request.",""
"a1D6g000001DSn5EAG","","Treasury Services Summary Fieldset","00D6g0000052B2qEAE","2020-01-24T21:56:41.000Z","0056g000003hlBjAAI","2020-01-24T21:56:41.000Z","0056g000003hlBjAAI","","Treasury Services Summary","true","Treasury_Services_Summary_Fieldset","Treasury_Services_Summary_UI","Identifies the fielset to be used for the Treasury Services Summary view.",""
"a1D6g000001DSn6EAG","","A6D60919_558B_4D44_9099_2EEBEA1C4E61","00D6g0000052B2qEAE","2020-01-24T21:56:41.000Z","0056g000003hlBjAAI","2020-01-24T21:56:41.000Z","0056g000003hlBjAAI","","ENTITY_INVOLVEMENT","true","All_Relationships_Field_Set","Entity_Involvement_All_Relationships","",""
"a1D6g000001DSn7EAG","","8FF3570A_76E5_455D_9617_005F36519A80","00D6g0000052B2qEAE","2020-01-24T21:56:41.000Z","0056g000003hlBjAAI","2020-01-24T21:56:41.000Z","0056g000003hlBjAAI","","ENTITY_INVOLVEMENT","true","Individuals_Field_Set","Entity_Involvement_Individuals_Field_Set","",""
"a1D6g000001DSn8EAG","","B0F6A41C_4FD6_4B96_BC76_522D41D0A3B4","00D6g0000052B2qEAE","2020-01-24T21:56:41.000Z","0056g000003hlBjAAI","2020-01-24T21:56:41.000Z","0056g000003hlBjAAI","","ENTITY_INVOLVEMENT","true","Businesses_Field_Set","Entity_Involvement_Businesses_Field_Set","",""
"a1D6g000001DSn9EAG","","42465044947062744","00D6g0000052B2qEAE","2020-01-24T21:56:41.000Z","0056g000003hlBjAAI","2020-01-24T21:56:41.000Z","0056g000003hlBjAAI","","MEMO","true","AutoGeneratedCategories","","",""
"a1D6g000001DSnAEAW","","Display View Scenario Icon","00D6g0000052B2qEAE","2020-01-24T21:56:41.000Z","0056g000003hlHUAAY","2020-01-24T21:56:41.000Z","0056g000003hlHUAAY","","TM Proforma","true","Display_View_Scenario_Icon","false","This system property indicates if the View Scenario Icon should display on the Proforma scenario card.",""
"a1D6g000001DSnBEAW","","Enable Custom Service Total","00D6g0000052B2qEAE","2020-01-24T21:56:41.000Z","0056g000003hlHUAAY","2020-01-24T21:56:41.000Z","0056g000003hlHUAAY","","TM Proforma","true","Enable_Custom_Service_Total","false","This system property allows you to enable the Service Total section of the proforma to be configurable.",""
"a1D6g000001DSnFEAW","","42173784230479916","00D6g0000052B2qEAE","2020-01-24T21:56:41.000Z","0056g000003hlBjAAI","2020-01-24T21:56:41.000Z","0056g000003hlBjAAI","","underwriting","true","section.Overview.hide","false","",""
"a1D6g000001DSnGEAW","","42052193361181445","00D6g0000052B2qEAE","2020-01-24T21:56:41.000Z","0056g000003hlBjAAI","2020-01-24T21:56:41.000Z","0056g000003hlBjAAI","","underwriting","true","section.Overview.render","true","",""
"a1D6g000001DSnHEAW","","42218871317177102","00D6g0000052B2qEAE","2020-01-24T21:56:41.000Z","0056g000003hlBjAAI","2020-01-24T21:56:41.000Z","0056g000003hlBjAAI","","underwriting","true","section.Overview.order","1","",""
"a1D6g000001DSnIEAW","","42735688339366070","00D6g0000052B2qEAE","2020-01-24T21:56:41.000Z","0056g000003hlBjAAI","2020-01-24T21:56:41.000Z","0056g000003hlBjAAI","","underwriting","true","section.Borrower Analysis.hide","false","",""
"a1D6g000001DSnJEAW","","42879497428452926","00D6g0000052B2qEAE","2020-01-24T21:56:41.000Z","0056g000003hlBjAAI","2020-01-24T21:56:41.000Z","0056g000003hlBjAAI","","underwriting","true","section.Borrower Analysis.render","false","",""
"a1D6g000001DSnKEAW","","42651355235047981","00D6g0000052B2qEAE","2020-01-24T21:56:41.000Z","0056g000003hlBjAAI","2020-01-24T21:56:41.000Z","0056g000003hlBjAAI","","underwriting","true","section.Borrower Analysis.order","2","",""
"a1D6g000001DSnLEAW","","42314513109609928","00D6g0000052B2qEAE","2020-01-24T21:56:41.000Z","0056g000003hlBjAAI","2020-01-24T21:56:41.000Z","0056g000003hlBjAAI","","underwriting","true","section.Co-Borrower Analysis.hide","false","",""
"a1D6g000001DSnMEAW","","42811173702573930","00D6g0000052B2qEAE","2020-01-24T21:56:41.000Z","0056g000003hlBjAAI","2020-01-24T21:56:41.000Z","0056g000003hlBjAAI","","underwriting","true","section.Co-Borrower Analysis.render","false","",""
"a1D6g000001DSnNEAW","","42247931174952470","00D6g0000052B2qEAE","2020-01-24T21:56:41.000Z","0056g000003hlBjAAI","2020-01-24T21:56:41.000Z","0056g000003hlBjAAI","","underwriting","true","section.Co-Borrower Analysis.order","3","",""
"a1D6g000001DSnOEAW","","42939371747689476","00D6g0000052B2qEAE","2020-01-24T21:56:41.000Z","0056g000003hlBjAAI","2020-01-24T21:56:41.000Z","0056g000003hlBjAAI","","underwriting","true","section.Guarantor Analysis.hide","false","",""
"a1D6g000001DSnPEAW","","42787585423674590","00D6g0000052B2qEAE","2020-01-24T21:56:41.000Z","0056g000003hlBjAAI","2020-01-24T21:56:41.000Z","0056g000003hlBjAAI","","underwriting","true","section.Guarantor Analysis.render","false","",""
"a1D6g000001DSnQEAW","","42747490577905164","00D6g0000052B2qEAE","2020-01-24T21:56:41.000Z","0056g000003hlBjAAI","2020-01-24T21:56:41.000Z","0056g000003hlBjAAI","","underwriting","true","section.Guarantor Analysis.order","4","",""
"a1D6g000001DSnREAW","","42377439596480482","00D6g0000052B2qEAE","2020-01-24T21:56:41.000Z","0056g000003hlBjAAI","2020-01-24T21:56:41.000Z","0056g000003hlBjAAI","","underwriting","true","section.Related Entity Analysis.hide","false","",""
"a1D6g000001DSnSEAW","","42788709724932253","00D6g0000052B2qEAE","2020-01-24T21:56:41.000Z","0056g000003hlBjAAI","2020-01-24T21:56:41.000Z","0056g000003hlBjAAI","","underwriting","true","section.Related Entity Analysis.render","false","",""
"a1D6g000001DSnTEAW","","42447040065858883","00D6g0000052B2qEAE","2020-01-24T21:56:41.000Z","0056g000003hlBjAAI","2020-01-24T21:56:41.000Z","0056g000003hlBjAAI","","underwriting","true","section.Related Entity Analysis.order","5","",""
"a1D6g000001DSnUEAW","","42468118895974978","00D6g0000052B2qEAE","2020-01-24T21:56:41.000Z","0056g000003hlBjAAI","2020-01-24T21:56:41.000Z","0056g000003hlBjAAI","","underwriting","true","section.Global Analysis.hide","false","",""
"a1D6g000001DSnVEAW","","42256545254759824","00D6g0000052B2qEAE","2020-01-24T21:56:41.000Z","0056g000003hlBjAAI","2020-01-24T21:56:41.000Z","0056g000003hlBjAAI","","underwriting","true","section.Global Analysis.render","false","",""
"a1D6g000001DSnWEAW","","42379436701356640","00D6g0000052B2qEAE","2020-01-24T21:56:41.000Z","0056g000003hlBjAAI","2020-01-24T21:56:41.000Z","0056g000003hlBjAAI","","underwriting","true","section.Global Analysis.order","6","",""
"a1D6g000001DSnXEAW","","42924529918635621","00D6g0000052B2qEAE","2020-01-24T21:56:41.000Z","0056g000003hlBjAAI","2020-01-24T21:56:41.000Z","0056g000003hlBjAAI","","underwriting","true","section.Traditional Cash Flow.hide","false","",""
"a1D6g000001DSnYEAW","","42010011054240803","00D6g0000052B2qEAE","2020-01-24T21:56:41.000Z","0056g000003hlBjAAI","2020-01-24T21:56:41.000Z","0056g000003hlBjAAI","","underwriting","true","section.Traditional Cash Flow.render","false","",""
"a1D6g000001DSnZEAW","","42441007466970674","00D6g0000052B2qEAE","2020-01-24T21:56:41.000Z","0056g000003hlBjAAI","2020-01-24T21:56:41.000Z","0056g000003hlBjAAI","","underwriting","true","section.Traditional Cash Flow.order","9","",""
"a1D6g000001DSnaEAG","","42103558324814841","00D6g0000052B2qEAE","2020-01-24T21:56:41.000Z","0056g000003hlBjAAI","2020-01-24T21:56:41.000Z","0056g000003hlBjAAI","","underwriting","true","section.Ratios.hide","false","",""
"a1D6g000001DSnbEAG","","42865130809159197","00D6g0000052B2qEAE","2020-01-24T21:56:41.000Z","0056g000003hlBjAAI","2020-01-24T21:56:41.000Z","0056g000003hlBjAAI","","underwriting","true","section.Ratios.render","false","",""
"a1D6g000001DSncEAG","","42328626155321321","00D6g0000052B2qEAE","2020-01-24T21:56:41.000Z","0056g000003hlBjAAI","2020-01-24T21:56:41.000Z","0056g000003hlBjAAI","","underwriting","true","section.Ratios.order","13","",""
"a1D6g000001DSndEAG","","42088528974495746","00D6g0000052B2qEAE","2020-01-24T21:56:41.000Z","0056g000003hlBjAAI","2020-01-24T21:56:41.000Z","0056g000003hlBjAAI","","underwriting","true","section.UCA Cash Flow.hide","false","",""
"a1D6g000001DSneEAG","","42250150394455753","00D6g0000052B2qEAE","2020-01-24T21:56:41.000Z","0056g000003hlBjAAI","2020-01-24T21:56:41.000Z","0056g000003hlBjAAI","","underwriting","true","section.UCA Cash Flow.render","false","",""
"a1D6g000001DSnfEAG","","42231842676788954","00D6g0000052B2qEAE","2020-01-24T21:56:41.000Z","0056g000003hlBjAAI","2020-01-24T21:56:41.000Z","0056g000003hlBjAAI","","underwriting","true","section.UCA Cash Flow.order","10","",""
"a1D6g000001DSngEAG","","API_CALL_LIMIT","00D6g0000052B2qEAE","2020-01-24T21:56:41.000Z","0056g000003hlBjAAI","2020-01-24T21:56:41.000Z","0056g000003hlBjAAI","","Governor Limits","true","API_LIMIT","10","",""
"a1D6g000001DSnhEAG","","C3ED3681_784F_4799_B986_E8EA956386DA","00D6g0000052B2qEAE","2020-01-24T21:56:41.000Z","0056g000003hlBjAAI","2020-01-24T21:56:41.000Z","0056g000003hlBjAAI","","Utility","true","Composite_Field_Types","ADDRESS;LOCATION;","",""
"a1D6g000001DSniEAG","","8FD8B876_FD71_4AE3_B905_69793E05841F","00D6g0000052B2qEAE","2020-01-24T21:56:41.000Z","0056g000003hlBjAAI","2020-01-24T21:56:41.000Z","0056g000003hlBjAAI","","Convert to nCino","true","account.type.filter","","",""
"a1D6g000001DSnjEAG","","F884BC2F_DD11_4A35_AA03_93E2992B6518","00D6g0000052B2qEAE","2020-01-24T21:56:41.000Z","0056g000003hlBjAAI","2020-01-24T21:56:41.000Z","0056g000003hlBjAAI","","loan_modification","true","allow.modify","true","",""
"a1D6g000001DSnkEAG","","88F7DD43_5238_49C7_A837_B90D6174DC06","00D6g0000052B2qEAE","2020-01-24T21:56:41.000Z","0056g000003hlBjAAI","2020-01-24T21:56:41.000Z","0056g000003hlBjAAI","","Convert to nCino","true","loan.name.account","business","",""
"a1D6g000001DSnlEAG","","5EF0FFDA_4748_4E64_8E5D_26796B182235","00D6g0000052B2qEAE","2020-01-24T21:56:41.000Z","0056g000003hlBjAAI","2020-01-24T21:56:41.000Z","0056g000003hlBjAAI","","Covenant Compliance","true","generate.compliance.records","true","",""
"a1D6g000001DSnmEAG","","9FF25B2D_9581_40BD_AA72_F949CFAB1825","00D6g0000052B2qEAE","2020-01-24T21:56:41.000Z","0056g000003hlBjAAI","2020-01-24T21:56:41.000Z","0056g000003hlBjAAI","","covenant_migration_category","true","covenant_migration_key","true","",""
"a1D6g000001DSnnEAG","","73B197B4961711AD9822CBEDAE3E4A1A","00D6g0000052B2qEAE","2020-01-24T21:56:41.000Z","0056g000003hlBjAAI","2020-01-24T21:56:41.000Z","0056g000003hlBjAAI","","document manager","true","updated_to_document_store","1","",""
"a1D6g000001DSnoEAG","","2357FD9D_92E5_47B8_BE06_E033CCB8BD25","00D6g0000052B2qEAE","2020-01-24T21:56:41.000Z","0056g000003hlBjAAI","2020-01-24T21:56:41.000Z","0056g000003hlBjAAI","","Copy Inactive Covenants","true","copy.inactive.covenants","false","",""
"a1D6g000001DSnpEAG","","A09B4930_9171_4706_9D85_57FD174AD841","00D6g0000052B2qEAE","2020-01-24T21:56:41.000Z","0056g000003hlBjAAI","2020-01-24T21:56:41.000Z","0056g000003hlBjAAI","","collateral2_migration_category","true","collateral2_migration_key","true","",""
"a1D6g000001DSnqEAG","","68FE8310_0760_4C14_83BB_DDD94614CC9C","00D6g0000052B2qEAE","2020-01-24T21:56:41.000Z","0056g000003hlBjAAI","2020-01-24T21:56:41.000Z","0056g000003hlBjAAI","","opportunity_history","true","opportunity_history.start_end_time_batch","true","",""
"a1D6g000001DSnrEAG","","162A2758_43AB_424C_AEAE_5AA07C53CAA2","00D6g0000052B2qEAE","2020-01-24T21:56:41.000Z","0056g000003hlBjAAI","2020-01-24T21:56:41.000Z","0056g000003hlBjAAI","","opportunity_history","true","opportunity_history.stage_change_batch","true","",""
"a1D6g000001DSnsEAG","","3E5262BD_B4F7_4437_88A1_952DEB0D94AD","00D6g0000052B2qEAE","2020-01-24T21:56:41.000Z","0056g000003hlBjAAI","2020-01-24T21:56:41.000Z","0056g000003hlBjAAI","","opportunity_history","true","opportunity_history.amount_change_batch","true","",""
"a1D6g000001DSntEAG","","F4C9B0AE_3606_4FE0_9CAE_136A30E5BDAF","00D6g0000052B2qEAE","2020-01-24T21:56:41.000Z","0056g000003hlBjAAI","2020-01-24T21:56:41.000Z","0056g000003hlBjAAI","","opportunity_history","true","opportunity_history.status_change_batch","true","",""
"a1D6g000001DSnuEAG","","9C8710E0_EBE6_4696_B611_68F5AA4423F2","00D6g0000052B2qEAE","2020-01-24T21:56:41.000Z","0056g000003hlBjAAI","2020-01-24T21:56:41.000Z","0056g000003hlBjAAI","","opportunity_history","true","opportunity_history.non_business_minutes_batch","true","",""
"a1D6g000001DSnvEAG","","02C13CE3_B9C7_4A1B_9092_F16CE2E071EE","00D6g0000052B2qEAE","2020-01-24T21:56:41.000Z","0056g000003hlBjAAI","2020-01-24T21:56:41.000Z","0056g000003hlBjAAI","","opportunity_history","true","opportunity_history.final_stage_change_duration_batch","true","",""
"a1D6g000001DSnwEAG","","251ED42B_ADBE_419C_BFCF_E3BE79715376","00D6g0000052B2qEAE","2020-01-24T21:56:41.000Z","0056g000003hlBjAAI","2020-01-24T21:56:41.000Z","0056g000003hlBjAAI","","opportunity_history","true","opportunity_history.stage_duration_duration_batch","true","",""
"a1D6g000001DSnxEAG","","7970EE9B_308D_416C_85E8_BE451E49E4E8","00D6g0000052B2qEAE","2020-01-24T21:56:41.000Z","0056g000003hlBjAAI","2020-01-24T21:56:41.000Z","0056g000003hlBjAAI","","opportunity_history","true","opportunity_history.excluded_stages_duration_batch","true","",""
"a1D6g000001DSnyEAG","","3C4995A8_ABF2_4715_8B12_FA0F3353B5C1","00D6g0000052B2qEAE","2020-01-24T21:56:41.000Z","0056g000003hlBjAAI","2020-01-24T21:56:41.000Z","0056g000003hlBjAAI","","opportunity_history","true","opportunity_history.non_business_minutes_duration_batch","true","",""
"a1D6g000001DSnzEAG","","42168498436430299","00D6g0000052B2qEAE","2020-01-24T21:56:41.000Z","0056g000003hlBjAAI","2020-01-24T21:56:41.000Z","0056g000003hlBjAAI","","underwriting","true","credit_memo_css","Default_Credit_Memo_CSS","",""
"a1D6g000001DSo0EAG","","42920904350385051","00D6g0000052B2qEAE","2020-01-24T21:56:41.000Z","0056g000003hlBjAAI","2020-01-24T21:56:41.000Z","0056g000003hlBjAAI","","underwriting","true","credit_memo_resource","credit_memo_default_resource","",""
"a1D6g000001DSo1EAG","","42079485954905388","00D6g0000052B2qEAE","2020-01-24T21:56:41.000Z","0056g000003hlBjAAI","2020-01-24T21:56:41.000Z","0056g000003hlBjAAI","","underwriting","true","credit_memo_export_css","Default_Credit_Memo_Export_CSS","",""
"a1D6g000001DSo2EAG","","42486673982462744","00D6g0000052B2qEAE","2020-01-24T21:56:41.000Z","0056g000003hlBjAAI","2020-01-24T21:56:41.000Z","0056g000003hlBjAAI","","underwriting","true","credit_memo_logo","LLC_BI__credit_memo_default_logo","",""
"a1D6g000001DSo3EAG","","42859096501775600","00D6g0000052B2qEAE","2020-01-24T21:56:41.000Z","0056g000003hlBjAAI","2020-01-24T21:56:41.000Z","0056g000003hlBjAAI","","underwriting","true","credit_memo_export_enabled","true","",""
"a1D6g000001DSo4EAG","","42235518887578912","00D6g0000052B2qEAE","2020-01-24T21:56:41.000Z","0056g000003hlBjAAI","2020-01-24T21:56:41.000Z","0056g000003hlBjAAI","","underwriting","true","credit_memo_narrative_upgraded","true","",""
"a1D6g000001DSo5EAG","","42485274717839307","00D6g0000052B2qEAE","2020-01-24T21:56:41.000Z","0056g000003hlBjAAI","2020-01-24T21:56:41.000Z","0056g000003hlBjAAI","","underwriting","true","credit_memo_spreads_appendix_debt_schedule_upgraded","true","",""
"a1D6g000001DSo6EAG","","B76A0BC0_6E39_4EAD_B574_2DE3BD650C80","00D6g0000052B2qEAE","2020-01-24T21:56:41.000Z","0056g000003hlBjAAI","2020-01-24T21:56:41.000Z","0056g000003hlBjAAI","","fee_upgrade_category","true","fee_upgrade_category","true","",""
"a1D6g000001DSo7EAG","","42131337942261416","00D6g0000052B2qEAE","2020-01-24T21:56:41.000Z","0056g000003hlBjAAI","2020-01-24T21:56:41.000Z","0056g000003hlBjAAI","","REVIEW","true","RiskRatingReviewDecisioned","Declined,Approved","",""
"a1D6g000001DSo8EAG","","42111651659107497","00D6g0000052B2qEAE","2020-01-24T21:56:41.000Z","0056g000003hlBjAAI","2020-01-24T21:56:41.000Z","0056g000003hlBjAAI","","REVIEW","true","StatusComplete","Complete","",""
"a1D6g000001DSo9EAG","","42057766218400185","00D6g0000052B2qEAE","2020-01-24T21:56:41.000Z","0056g000003hlBjAAI","2020-01-24T21:56:41.000Z","0056g000003hlBjAAI","","REVIEW","true","StatusInProgress","In Progress","",""
"a1D6g000001DSoAEAW","","42611146010258295","00D6g0000052B2qEAE","2020-01-24T21:56:41.000Z","0056g000003hlBjAAI","2020-01-24T21:56:41.000Z","0056g000003hlBjAAI","","REVIEW","true","ProductPackageFieldSet","LLC_BI__ReviewDisplay","",""
"a1D6g000001DSoBEAW","","42362940515367103","00D6g0000052B2qEAE","2020-01-24T21:56:41.000Z","0056g000003hlBjAAI","2020-01-24T21:56:41.000Z","0056g000003hlBjAAI","","REVIEW","true","RelationshipRelatedListFieldSet","LLC_BI__ReviewDisplay","",""
"a1D6g000001DSoCEAW","","42518034296465627","00D6g0000052B2qEAE","2020-01-24T21:56:41.000Z","0056g000003hlBjAAI","2020-01-24T21:56:41.000Z","0056g000003hlBjAAI","","REVIEW","true","LoansRelatedListFieldSet","LLC_BI__ReviewDisplay","",""
"a1D6g000001DSoDEAW","","42611835893241592","00D6g0000052B2qEAE","2020-01-24T21:56:41.000Z","0056g000003hlBjAAI","2020-01-24T21:56:41.000Z","0056g000003hlBjAAI","","REVIEW","true","LegalEntityRelatedListFieldSet","LLC_BI__ReviewDisplay","",""
"a1D6g000001DSoEEAW","","42050863419275938","00D6g0000052B2qEAE","2020-01-24T21:56:41.000Z","0056g000003hlBjAAI","2020-01-24T21:56:41.000Z","0056g000003hlBjAAI","","REVIEW","true","PackageReviewCompleteStatuses","Complete,Approved","",""
"a1D6g000001DSoFEAW","","42686428183587094","00D6g0000052B2qEAE","2020-01-24T21:56:41.000Z","0056g000003hlBjAAI","2020-01-24T21:56:41.000Z","0056g000003hlBjAAI","","REVIEW","true","AccountReviewCompleteStatuses","Complete,Approved","",""
"a1D6g000001DSoGEAW","","42892821559433487","00D6g0000052B2qEAE","2020-01-24T21:56:41.000Z","0056g000003hlBjAAI","2020-01-24T21:56:41.000Z","0056g000003hlBjAAI","","REVIEW","true","PackageStatusInProgress","In Review","",""
"a1D6g000001DSoHEAW","","42222451975792349","00D6g0000052B2qEAE","2020-01-24T21:56:41.000Z","0056g000003hlBjAAI","2020-01-24T21:56:41.000Z","0056g000003hlBjAAI","","REVIEW","true","PackageStatusInProgress","In Review","",""
"a1D6g000001DSoIEAW","","42329595757627030","00D6g0000052B2qEAE","2020-01-24T21:56:41.000Z","0056g000003hlBjAAI","2020-01-24T21:56:41.000Z","0056g000003hlBjAAI","","REVIEW","true","RelationshipDetailFieldSet","LLC_BI__ReviewDetailDisplay","",""
"a1D6g000001DSoJEAW","","42147115894033349","00D6g0000052B2qEAE","2020-01-24T21:56:41.000Z","0056g000003hlBjAAI","2020-01-24T21:56:41.000Z","0056g000003hlBjAAI","","MEMO","true","InformationSection","LLC_BI__InformationSection","",""
"a1D6g000001DSoKEAW","","42426147692385439","00D6g0000052B2qEAE","2020-01-24T21:56:41.000Z","0056g000003hlBjAAI","2020-01-24T21:56:41.000Z","0056g000003hlBjAAI","","MEMO","true","FinalApprovalStatus","Approved,Rejected","",""
"a1D6g000001DSoLEAW","","42208971663333971","00D6g0000052B2qEAE","2020-01-24T21:56:41.000Z","0056g000003hlBjAAI","2020-01-24T21:56:41.000Z","0056g000003hlBjAAI","","MEMO","true","UpdateLoanStatus","Approved","",""
"a1D6g000001DSoMEAW","","42900229159390428","00D6g0000052B2qEAE","2020-01-24T21:56:41.000Z","0056g000003hlBjAAI","2020-01-24T21:56:41.000Z","0056g000003hlBjAAI","","MEMO","true","UpdateLoanTypes","Change Memo","",""
"a1D6g000001DSoNEAW","","42613802531750582","00D6g0000052B2qEAE","2020-01-24T21:56:41.000Z","0056g000003hlBjAAI","2020-01-24T21:56:41.000Z","0056g000003hlBjAAI","","MEMO","true","ReadOnlyFields","LLC_BI__Loan__c,LLC_BI__Approval_Status__c","",""
"a1D6g000001DSoOEAW","","42933794293337251","00D6g0000052B2qEAE","2020-01-24T21:56:41.000Z","0056g000003hlBjAAI","2020-01-24T21:56:41.000Z","0056g000003hlBjAAI","","MEMO","true","ReadOnlyTypes","Original","",""
"a1D6g000001DSoPEAW","","42597528491470146","00D6g0000052B2qEAE","2020-01-24T21:56:41.000Z","0056g000003hlBjAAI","2020-01-24T21:56:41.000Z","0056g000003hlBjAAI","","MEMO","true","AutoGeneratedType","Original","",""
"a1D6g000001DSoQEAW","","42955820266868105","00D6g0000052B2qEAE","2020-01-24T21:56:41.000Z","0056g000003hlBjAAI","2020-01-24T21:56:41.000Z","0056g000003hlBjAAI","","MEMO","true","ReadOnlyMultipleAllowed","false","",""
"a1D6g000001DSoREAW","","42649863588617579","00D6g0000052B2qEAE","2020-01-24T21:56:41.000Z","0056g000003hlBjAAI","2020-01-24T21:56:41.000Z","0056g000003hlBjAAI","","MEMO_APPROVAL_REQUIRED","false","LLC_BI__Amount_Change__c","LLC_BI__MemoCategoryAmount","",""
"a1D6g000001DSoSEAW","","42373550837081772","00D6g0000052B2qEAE","2020-01-24T21:56:41.000Z","0056g000003hlBjAAI","2020-01-24T21:56:41.000Z","0056g000003hlBjAAI","","MEMO_APPROVAL_REQUIRED","false","LLC_BI__Loan_Term_Change__c","LLC_BI__MemoCategoryTerms","",""
"a1D6g000001DSoTEAW","","42780435584168484","00D6g0000052B2qEAE","2020-01-24T21:56:41.000Z","0056g000003hlBjAAI","2020-01-24T21:56:41.000Z","0056g000003hlBjAAI","","MEMO_APPROVAL_REQUIRED","false","LLC_BI__New_Rate_Requested__c","LLC_BI__MemoCategoryRate","",""
"a1D6g000001DSoUEAW","","42916189591932414","00D6g0000052B2qEAE","2020-01-24T21:56:41.000Z","0056g000003hlBjAAI","2020-01-24T21:56:41.000Z","0056g000003hlBjAAI","","MEMO_APPROVAL_REQUIRED","true","LLC_BI__Collateral_Change__c","NONE","",""
"a1D6g000001DSoVEAW","","42932043946245682","00D6g0000052B2qEAE","2020-01-24T21:56:41.000Z","0056g000003hlBjAAI","2020-01-24T21:56:41.000Z","0056g000003hlBjAAI","","MEMO_APPROVAL_REQUIRED","false","LLC_BI__Equity_Injection_Change__c","NONE","",""
"a1D6g000001DSoWEAW","","42605363348918678","00D6g0000052B2qEAE","2020-01-24T21:56:41.000Z","0056g000003hlBjAAI","2020-01-24T21:56:41.000Z","0056g000003hlBjAAI","","MEMO_APPROVAL_NOT_REQUIRED","true","LLC_BI__Guarantor_Removed__c","NONE","",""
"a1D6g000001DSoXEAW","","42027887943682422","00D6g0000052B2qEAE","2020-01-24T21:56:41.000Z","0056g000003hlBjAAI","2020-01-24T21:56:41.000Z","0056g000003hlBjAAI","","MEMO_APPROVAL_REQUIRED","false","LLC_BI__Life_Insurance_Change__c","NONE","",""
"a1D6g000001DSoYEAW","","42438465024216168","00D6g0000052B2qEAE","2020-01-24T21:56:41.000Z","0056g000003hlBjAAI","2020-01-24T21:56:41.000Z","0056g000003hlBjAAI","","MEMO_APPROVAL_REQUIRED","true","LLC_BI__Other__c","NONE","",""
"a1D6g000001DSoZEAW","","42426671116369519","00D6g0000052B2qEAE","2020-01-24T21:56:41.000Z","0056g000003hlBjAAI","2020-01-24T21:56:41.000Z","0056g000003hlBjAAI","","MEMO_APPROVAL_REQUIRED","false","LLC_BI__Post_Close_Items__c","LLC_BI__MemoCategoryPostClosingItems","",""
"a1D6g000001DSoaEAG","","42456060288247777","00D6g0000052B2qEAE","2020-01-24T21:56:41.000Z","0056g000003hlBjAAI","2020-01-24T21:56:41.000Z","0056g000003hlBjAAI","","MEMO_APPROVAL_REQUIRED","false","LLC_BI__Re_approval_After_Expiration__c","NONE","",""
"a1D6g000001DSobEAG","","42020381590333397","00D6g0000052B2qEAE","2020-01-24T21:56:41.000Z","0056g000003hlBjAAI","2020-01-24T21:56:41.000Z","0056g000003hlBjAAI","","MEMO_APPROVAL_REQUIRED","false","LLC_BI__Seller_Note_Change__c","NONE","",""
"a1D6g000001DSocEAG","","42519714950226677","00D6g0000052B2qEAE","2020-01-24T21:56:41.000Z","0056g000003hlBjAAI","2020-01-24T21:56:41.000Z","0056g000003hlBjAAI","","MEMO_APPROVAL_NOT_REQUIRED","false","LLC_BI__Use_of_Proceeds_Change__c","NONE","",""
"a1D6g000001DSodEAG","","42447101522874025","00D6g0000052B2qEAE","2020-01-24T21:56:41.000Z","0056g000003hlBjAAI","2020-01-24T21:56:41.000Z","0056g000003hlBjAAI","","MEMO_APPROVAL_NOT_REQUIRED","true","LLC_BI__Guarantor_Added__c","NONE","",""
"a1D6g000001DSoeEAG","","42746271084473731","00D6g0000052B2qEAE","2020-01-24T21:56:41.000Z","0056g000003hlBjAAI","2020-01-24T21:56:41.000Z","0056g000003hlBjAAI","","DocuSign Communicator","true","DocuSign Account Id","<User Defined>","",""
"a1D6g000001DSofEAG","","42349553207793105","00D6g0000052B2qEAE","2020-01-24T21:56:41.000Z","0056g000003hlBjAAI","2020-01-24T21:56:41.000Z","0056g000003hlBjAAI","","DocuSign Communicator","true","DocuSign Integration Key","<User Defined>","",""
"a1D6g000001DSogEAG","","42206704279962448","00D6g0000052B2qEAE","2020-01-24T21:56:41.000Z","0056g000003hlBjAAI","2020-01-24T21:56:41.000Z","0056g000003hlBjAAI","","DocuSign Communicator","true","DocuSign Username","<User Defined>","",""
"a1D6g000001DSohEAG","","42083670357895188","00D6g0000052B2qEAE","2020-01-24T21:56:41.000Z","0056g000003hlBjAAI","2020-01-24T21:56:41.000Z","0056g000003hlBjAAI","","DocuSign Communicator","true","DocuSign Password","<User Defined>","",""
"a1D6g000001DSoiEAG","","42007944159400148","00D6g0000052B2qEAE","2020-01-24T21:56:41.000Z","0056g000003hlBjAAI","2020-01-24T21:56:41.000Z","0056g000003hlBjAAI","","DocuSign Communicator","true","HTTP.TimeOut","120000","",""
"a1D6g000001DSojEAG","","42695437715616113","00D6g0000052B2qEAE","2020-01-24T21:56:41.000Z","0056g000003hlBjAAI","2020-01-24T21:56:41.000Z","0056g000003hlBjAAI","","DocuSign Communicator","true","HTTP.Header.Content-Type","application/json","",""
"a1D6g000001DSokEAG","","42078704544445050","00D6g0000052B2qEAE","2020-01-24T21:56:41.000Z","0056g000003hlBjAAI","2020-01-24T21:56:41.000Z","0056g000003hlBjAAI","","DocuSign Communicator","true","HTTP.Header.Accept","application/json","",""
"a1D6g000001DSolEAG","","42037027129988295","00D6g0000052B2qEAE","2020-01-24T21:56:41.000Z","0056g000003hlBjAAI","2020-01-24T21:56:41.000Z","0056g000003hlBjAAI","","PRODUCT_PACKAGE","true","PendingPackageEditFields","LLC_BI__Status__c,LLC_BI__Stage__c,LLC_BI__Is_Review_Ready__c","",""
"a1D6g000001DSomEAG","","42150864331634334","00D6g0000052B2qEAE","2020-01-24T21:56:41.000Z","0056g000003hlBjAAI","2020-01-24T21:56:41.000Z","0056g000003hlBjAAI","","underwriting","true","credit_memo_force_layout_upgraded","true","",""
"a1D6g000001DSonEAG","","42851661248279719","00D6g0000052B2qEAE","2020-01-24T21:56:41.000Z","0056g000003hlBjAAI","2020-01-24T21:56:41.000Z","0056g000003hlBjAAI","","underwriting","true","credit_memo_force_view_upgraded","true","",""
"a1D6g000001DSooEAG","","42908924867257998","00D6g0000052B2qEAE","2020-01-24T21:56:41.000Z","0056g000003hlBjAAI","2020-01-24T21:56:41.000Z","0056g000003hlBjAAI","","underwriting","true","credit_memo_force_widget_upgraded","true","",""
"a1D6g000001DSopEAG","","42852090856155206","00D6g0000052B2qEAE","2020-01-24T21:56:41.000Z","0056g000003hlBjAAI","2020-01-24T21:56:41.000Z","0056g000003hlBjAAI","","underwriting","true","credit_memo_force_screen_upgraded","true","",""
"a1D6g000001DSoqEAG","","42204535454238820","00D6g0000052B2qEAE","2020-01-24T21:56:41.000Z","0056g000003hlBjAAI","2020-01-24T21:56:41.000Z","0056g000003hlBjAAI","","underwriting","true","credit_memo_force_screen_section_upgraded","true","",""
"a1D6g000001DSorEAG","","42998306999902048","00D6g0000052B2qEAE","2020-01-24T21:56:41.000Z","0056g000003hlBjAAI","2020-01-24T21:56:41.000Z","0056g000003hlBjAAI","","underwriting","true","credit_memo_force_section_config_upgraded","true","",""
"a1D6g000001DSosEAG","","42199694243566500","00D6g0000052B2qEAE","2020-01-24T21:56:41.000Z","0056g000003hlBjAAI","2020-01-24T21:56:41.000Z","0056g000003hlBjAAI","","underwriting","true","ko-app-columns-installed","true","",""
"a1D6g000001DSotEAG","","42532501737588026","00D6g0000052B2qEAE","2020-01-24T21:56:41.000Z","0056g000003hlBjAAI","2020-01-24T21:56:41.000Z","0056g000003hlBjAAI","","underwriting","true","automate-covenant-testing","false","",""
"a1D6g000001DSouEAG","","42338980128886308","00D6g0000052B2qEAE","2020-01-24T21:56:41.000Z","0056g000003hlBjAAI","2020-01-24T21:56:41.000Z","0056g000003hlBjAAI","","underwriting","true","credit_memo_force_attachments_upgraded","true","",""
"a1D6g000001DSovEAG","","Package Credit Action","00D6g0000052B2qEAE","2020-01-24T21:56:41.000Z","0056g000003hlBjAAI","2020-01-24T21:56:41.000Z","0056g000003hlBjAAI","","Package Credit Action","true","Maintain Hierarchy","False","",""
"a1D6g000001DSowEAG","","42406683436110725","00D6g0000052B2qEAE","2020-01-24T21:56:41.000Z","0056g000003hlBjAAI","2020-01-24T21:56:41.000Z","0056g000003hlBjAAI","","ProductPackageCreditAction","true","Modify","true","",""
"a1D6g000001DSoxEAG","","42544145815874795","00D6g0000052B2qEAE","2020-01-24T21:56:41.000Z","0056g000003hlBjAAI","2020-01-24T21:56:41.000Z","0056g000003hlBjAAI","","ProductPackageCreditAction","true","Renew","true","",""
"a1D6g000001DSoyEAG","","42113606616115030","00D6g0000052B2qEAE","2020-01-24T21:56:41.000Z","0056g000003hlBjAAI","2020-01-24T21:56:41.000Z","0056g000003hlBjAAI","","ProductPackageCreditAction","true","Review","true","",""
"a1D6g000001DSozEAG","","42319815160130996","00D6g0000052B2qEAE","2020-01-24T21:56:41.000Z","0056g000003hlBjAAI","2020-01-24T21:56:41.000Z","0056g000003hlBjAAI","","ProductPackageCreditAction","true","RenewalOrModificationStagesDisable","Closing","",""
"a1D6g000001DSp0EAG","","42599565823232667","00D6g0000052B2qEAE","2020-01-24T21:56:41.000Z","0056g000003hlBjAAI","2020-01-24T21:56:41.000Z","0056g000003hlBjAAI","","ProductPackageCreditAction","true","Exclude","true","",""
"a1D6g000001DSp1EAG","","CHECK_ORDERING_URL","00D6g0000052B2qEAE","2020-01-24T21:56:41.000Z","0056g000003hlBjAAI","2020-01-24T21:56:41.000Z","0056g000003hlBjAAI","","DEPOSIT_CREATION","true","CHECK_ORDERING_URL","","",""
"a1D6g000001DSp2EAG","","42064525529845850","00D6g0000052B2qEAE","2020-01-24T21:56:41.000Z","0056g000003hlBjAAI","2020-01-24T21:56:41.000Z","0056g000003hlBjAAI","","ManageFacilities","true","ProductPackageNull","true","",""
"a1D6g000001DSp3EAG","","42952266036051378","00D6g0000052B2qEAE","2020-01-24T21:56:41.000Z","0056g000003hlBjAAI","2020-01-24T21:56:41.000Z","0056g000003hlBjAAI","","PRODUCT_PACKAGE","true","FacilityAggregationExclusionStatus","Superceded,Withdrawn,Paid Out,Declined","",""
"a1D6g000001DSp4EAG","","42626767174220354","00D6g0000052B2qEAE","2020-01-24T21:56:41.000Z","0056g000003hlBjAAI","2020-01-24T21:56:41.000Z","0056g000003hlBjAAI","","PRODUCT_PACKAGE","true","CloneFieldsWithLoanTakedown","true","",""
"a1D6g000001DSp5EAG","","42431469525291339","00D6g0000052B2qEAE","2020-01-24T21:56:41.000Z","0056g000003hlBjAAI","2020-01-24T21:56:41.000Z","0056g000003hlBjAAI","","PRODUCT_PACKAGE","true","IndividualApprovalsOnPropagation","false","",""
"a1D6g000001DSp6EAG","","A12F2C92_2D61_411C_A161_F9F7AE1C2B4F","00D6g0000052B2qEAE","2020-01-24T21:56:41.000Z","0056g000003hlBjAAI","2020-01-24T21:56:41.000Z","0056g000003hlBjAAI","","policy_exception_example_category","true","policy_exception_example_category","false","",""
"a1D6g000001DSp7EAG","","42522773656223728","00D6g0000052B2qEAE","2020-01-24T21:56:41.000Z","0056g000003hlBjAAI","2020-01-24T21:56:41.000Z","0056g000003hlBjAAI","","CLA","true","EnableDrawRequestLineItemToExceedRemainingAmount","true","",""
"a1D6g000001DSp8EAG","","42513881874383010","00D6g0000052B2qEAE","2020-01-24T21:56:41.000Z","0056g000003hlBjAAI","2020-01-24T21:56:41.000Z","0056g000003hlBjAAI","","CLA","true","BudgetFieldsToCopy","Budget_Template__c,Name,Description__c,Is_Initially_Editable__c,Is_Template__c,Total_Budget_Amount__c,Total_Allocated__c","",""
"a1D6g000001DSp9EAG","","42124981758521473","00D6g0000052B2qEAE","2020-01-24T21:56:41.000Z","0056g000003hlBjAAI","2020-01-24T21:56:41.000Z","0056g000003hlBjAAI","","CLA","true","BudgetLineItemFieldsToCopy","Amount_Budgeted__c,Description__c,Notes__c,Order__c","",""
"a1D6g000001DSpAEAW","","42022562479159880","00D6g0000052B2qEAE","2020-01-24T21:56:41.000Z","0056g000003hlHVAAY","2020-01-24T21:56:41.000Z","0056g000003hlHVAAY","","underwriting","true","Enable_RMA_Benchmarking","false","",""
"a1D6g000001DSpBEAW","","42351515002834160","00D6g0000052B2qEAE","2020-01-24T21:56:41.000Z","0056g000003hlHVAAY","2020-01-24T21:56:41.000Z","0056g000003hlHVAAY","","underwriting","true","RMA_AWS_Token","awsToken","",""
"a1D6g000001DSpCEAW","","42036379942739795","00D6g0000052B2qEAE","2020-01-24T21:56:41.000Z","0056g000003hlHVAAY","2020-01-24T21:56:41.000Z","0056g000003hlHVAAY","","underwriting","true","RMA_AWS_URL","awsUrl","",""
"a1D6g000001DSpDEAW","","Respondent ID","00D6g0000052B2qEAE","2020-01-24T21:56:41.000Z","0056g000003hlBjAAI","2020-01-24T21:56:41.000Z","0056g000003hlBjAAI","","HMDA","true","Respondent_Id","","This field indicates the Financial Institutions respondent ID based on the regulating agency and type of institution.",""
"a1D6g000001DSpEEAW","","Financial Institution","00D6g0000052B2qEAE","2020-01-24T21:56:41.000Z","0056g000003hlBjAAI","2020-01-24T21:56:41.000Z","0056g000003hlBjAAI","","HMDA","true","Financial_Institution","","This field indicates of the name of the Financial Institution that is submitting the HMDA data.",""
"a1D6g000001DSpFEAW","","Respondent Name","00D6g0000052B2qEAE","2020-01-24T21:56:41.000Z","0056g000003hlBjAAI","2020-01-24T21:56:41.000Z","0056g000003hlBjAAI","","HMDA","true","Respondent_Name","","This field indicates the name of the Financial Institution submitting the HMDA data.",""
"a1D6g000001DSpGEAW","","Respondent Address","00D6g0000052B2qEAE","2020-01-24T21:56:41.000Z","0056g000003hlBjAAI","2020-01-24T21:56:41.000Z","0056g000003hlBjAAI","","HMDA","true","Respondent_Address","","This field indicates the address of the Financial Institution submitting the HMDA data.",""
"a1D6g000001DSpHEAW","","Respondent City","00D6g0000052B2qEAE","2020-01-24T21:56:41.000Z","0056g000003hlBjAAI","2020-01-24T21:56:41.000Z","0056g000003hlBjAAI","","HMDA","true","Respondent_City","","This field indicates the City of the Financial Institution submitting the HMDA data.",""
"a1D6g000001DSpIEAW","","Respondent State","00D6g0000052B2qEAE","2020-01-24T21:56:41.000Z","0056g000003hlBjAAI","2020-01-24T21:56:41.000Z","0056g000003hlBjAAI","","HMDA","true","Respondent_State","","This field indicates the 2 character State code of the Financial Institution submitting the HMDA data. For example, for North Carolina enter NC.",""
"a1D6g000001DSpJEAW","","Respondent Zip","00D6g0000052B2qEAE","2020-01-24T21:56:41.000Z","0056g000003hlBjAAI","2020-01-24T21:56:41.000Z","0056g000003hlBjAAI","","HMDA","true","Respondent_Zip","","This field indicates the ZIP of the Financial Institution submitting the HMDA data.",""
"a1D6g000001DSpKEAW","","Parent Name","00D6g0000052B2qEAE","2020-01-24T21:56:41.000Z","0056g000003hlBjAAI","2020-01-24T21:56:41.000Z","0056g000003hlBjAAI","","HMDA","true","Parent_Name","","If respondent is a mortgage banking subsidiary (MBS) or a non-depository institution that has an affiliation with a depository institution, this field indicates the name of the Parent Financial Institution submitting the HMDA data.",""
"a1D6g000001DSpLEAW","","Parent Address","00D6g0000052B2qEAE","2020-01-24T21:56:41.000Z","0056g000003hlBjAAI","2020-01-24T21:56:41.000Z","0056g000003hlBjAAI","","HMDA","true","Parent_Address","","If respondent is a mortgage banking subsidiary (MBS) or a non-depository institution that has an affiliation with a depository institution, this field indicates the address of the Parent Financial Institution submitting the HMDA data.",""
"a1D6g000001DSpMEAW","","Parent City","00D6g0000052B2qEAE","2020-01-24T21:56:41.000Z","0056g000003hlBjAAI","2020-01-24T21:56:41.000Z","0056g000003hlBjAAI","","HMDA","true","Parent_City","","If respondent is a mortgage banking subsidiary (MBS) or a non-depository institution that has an affiliation with a depository institution, this field indicates the city of the Parent Financial Institution submitting the HMDA data.",""
"a1D6g000001DSpNEAW","","Parent State","00D6g0000052B2qEAE","2020-01-24T21:56:41.000Z","0056g000003hlBjAAI","2020-01-24T21:56:41.000Z","0056g000003hlBjAAI","","HMDA","true","Parent_State","","If respondent is a mortgage banking subsidiary (MBS) or a non-depository institution that has an affiliation with a depository institution, this field indicates the 2 character state of the Parent Financial Institution submitting the HMDA data.",""
"a1D6g000001DSpOEAW","","Parent Zip","00D6g0000052B2qEAE","2020-01-24T21:56:41.000Z","0056g000003hlBjAAI","2020-01-24T21:56:41.000Z","0056g000003hlBjAAI","","HMDA","true","Parent_Zip","","If respondent is a mortgage banking subsidiary (MBS) or a non-depository institution that has an affiliation with a depository institution, this field indicates the ZIP code of the Parent Financial Institution submitting the HMDA data.",""
"a1D6g000001DSpPEAW","","Contact Name","00D6g0000052B2qEAE","2020-01-24T21:56:41.000Z","0056g000003hlBjAAI","2020-01-24T21:56:41.000Z","0056g000003hlBjAAI","","HMDA","true","Contact_Name","","This field is the contact person's name at the Financial Institution who may be contacted with questions about the Financial Institution's HMDA submission.",""
"a1D6g000001DSpQEAW","","Contact Phone Number","00D6g0000052B2qEAE","2020-01-24T21:56:41.000Z","0056g000003hlBjAAI","2020-01-24T21:56:41.000Z","0056g000003hlBjAAI","","HMDA","true","Contact_Phone_Number","","This field is the contact person's phone number at the Financial Institution who may be contacted with questions about the Financial Institution's HMDA submission.",""
"a1D6g000001DSpREAW","","Contact Fax Number","00D6g0000052B2qEAE","2020-01-24T21:56:41.000Z","0056g000003hlBjAAI","2020-01-24T21:56:41.000Z","0056g000003hlBjAAI","","HMDA","true","Contact_Fax_Number","","This field is the contact person's Fax number at the Financial Institution who may be contacted with questions about the Financial Institution's HMDA submission.",""
"a1D6g000001DSpSEAW","","Contact Email","00D6g0000052B2qEAE","2020-01-24T21:56:41.000Z","0056g000003hlBjAAI","2020-01-24T21:56:41.000Z","0056g000003hlBjAAI","","HMDA","true","Contact_Email","","This field is the contact person's Email address at the Financial Institution who may be contacted with questions about the Financial Institution's HMDA submission.",""
"a1D6g000001DSpTEAW","","Contact Street Address","00D6g0000052B2qEAE","2020-01-24T21:56:41.000Z","0056g000003hlBjAAI","2020-01-24T21:56:41.000Z","0056g000003hlBjAAI","","HMDA","true","Contact_Street_Address","","This field is the contact person's Street Address at the Financial Institution who may be contacted with questions about the Financial Institution's HMDA submission.",""
"a1D6g000001DSpUEAW","","Contact City","00D6g0000052B2qEAE","2020-01-24T21:56:41.000Z","0056g000003hlBjAAI","2020-01-24T21:56:41.000Z","0056g000003hlBjAAI","","HMDA","true","Contact_City","","This field is the contact person's City at the Financial Institution who may be contacted with questions about the Financial Institution's HMDA submission.",""
"a1D6g000001DSpVEAW","","Contact State","00D6g0000052B2qEAE","2020-01-24T21:56:41.000Z","0056g000003hlBjAAI","2020-01-24T21:56:41.000Z","0056g000003hlBjAAI","","HMDA","true","Contact_State","","This field is the contact person's 2 character State at the Financial Institution who may be contacted with questions about the Financial Institution's HMDA submission. For example, for North Carolina enter NC.",""
"a1D6g000001DSpWEAW","","Contact Zip","00D6g0000052B2qEAE","2020-01-24T21:56:41.000Z","0056g000003hlBjAAI","2020-01-24T21:56:41.000Z","0056g000003hlBjAAI","","HMDA","true","Contact_Zip","","This field is the contact person's ZIP at the Financial Institution who may be contacted with questions about the Financial Institution's HMDA submission.",""
"a1D6g000001DSpXEAW","","Federal Agency","00D6g0000052B2qEAE","2020-01-24T21:56:41.000Z","0056g000003hlBjAAI","2020-01-24T21:56:41.000Z","0056g000003hlBjAAI","","HMDA","true","Fed_Agency","","Enter 1 for Office of the Comptroller of the Currency, 2 for Fed Reserve System, 3 for Fed Deposit Ins Corp, 5 for National Credit Union Admin, 7 for US Dept. of Housing and Urban Development (HUD), 9 for Consumer Financial Protection Bureau (CFPB)",""
"a1D6g000001DSpYEAW","","Federal Tax ID","00D6g0000052B2qEAE","2020-01-24T21:56:41.000Z","0056g000003hlBjAAI","2020-01-24T21:56:41.000Z","0056g000003hlBjAAI","","HMDA","true","Fed_Tax_Id","","This field indicates the 10 character Financial Institutions Federal Tax Id.",""
"a1D6g000001DSpZEAW","","Legal Entity Identifier","00D6g0000052B2qEAE","2020-01-24T21:56:41.000Z","0056g000003hlBjAAI","2020-01-24T21:56:41.000Z","0056g000003hlBjAAI","","HMDA","true","LEI","","This field indicates the 20 character Financial Institutions Legal Entity Identifier.",""
"a1D6g000001DSpaEAG","","42214238204387839","00D6g0000052B2qEAE","2020-01-24T21:56:41.000Z","0056g000003hlBjAAI","2020-01-24T21:56:41.000Z","0056g000003hlBjAAI","","Credit Memo","true","Credit Memo Save Version Enabled","true","",""
"a1D6g000001DSpbEAG","","42633939807447466","00D6g0000052B2qEAE","2020-01-24T21:56:41.000Z","0056g000003hlBjAAI","2020-01-24T21:56:41.000Z","0056g000003hlBjAAI","","Credit Memo","true","credit_memo_viewer","true","",""
"a1D6g000001DSpcEAG","","33D71785_E89E_4EA6_8377_861CD26A109F","00D6g0000052B2qEAE","2020-01-24T21:56:41.000Z","0056g000003hlBjAAI","2020-01-24T21:56:41.000Z","0056g000003hlBjAAI","","collateral2_migration_category","true","collateral2_1_migration_key","true","",""
"a1D6g000001DSpdEAG","","42734409802566035","00D6g0000052B2qEAE","2020-01-24T21:56:41.000Z","0056g000003hlBjAAI","2020-01-24T21:56:41.000Z","0056g000003hlBjAAI","","Excluded System Property Category","true","Excluded Pending Facilities Key","Declined, Withdrawn, DECLINED","",""
"a1D6g000001DSpeEAG","","42253751423221801","00D6g0000052B2qEAE","2020-01-24T21:56:41.000Z","0056g000003hlBjAAI","2020-01-24T21:56:41.000Z","0056g000003hlBjAAI","","MemoMoveModUpdateTrigger Category","true","MemoMoveModUpdateTrigger Status Key","false","",""
"a1D6g000001DSpfEAG","","42373550837081773","00D6g0000052B2qEAE","2020-01-24T21:56:41.000Z","0056g000003hlBjAAI","2020-01-24T21:56:41.000Z","0056g000003hlBjAAI","","MEMO_APPROVAL_REQUIRED","true","Loan_Information_Change__c","MemoCategoryLoanInformation","",""
"a1D6g000001DSpgEAG","","42605363348918679","00D6g0000052B2qEAE","2020-01-24T21:56:41.000Z","0056g000003hlBjAAI","2020-01-24T21:56:41.000Z","0056g000003hlBjAAI","","MEMO_APPROVAL_NOT_REQUIRED","true","Borrower_Removed__c","NONE","",""
"a1D6g000001DSphEAG","","605363348918678","00D6g0000052B2qEAE","2020-01-24T21:56:41.000Z","0056g000003hlBjAAI","2020-01-24T21:56:41.000Z","0056g000003hlBjAAI","","MEMO_APPROVAL_NOT_REQUIRED","true","Borrower_Added__c","NONE","",""
"a1D6g000001DSpiEAG","","CLA Budget Amount Changes","00D6g0000052B2qEAE","2020-01-24T21:56:41.000Z","0056g000003hlBjAAI","2020-01-24T21:56:41.000Z","0056g000003hlBjAAI","","MEMO_APPROVAL_REQUIRED","true","CLA_Budget_Amount_Change__c","NONE","",""
"a1D6g000001DSpjEAG","","CLA Budget Line Item Change","00D6g0000052B2qEAE","2020-01-24T21:56:41.000Z","0056g000003hlBjAAI","2020-01-24T21:56:41.000Z","0056g000003hlBjAAI","","MEMO_APPROVAL_REQUIRED","true","CLA_Budget_Line_Item_Change__c","","",""
"a1D6g000001DSpkEAG","","Prevent Field Map Override","00D6g0000052B2qEAE","2020-01-24T21:56:41.000Z","0056g000003hlBjAAI","2020-01-24T21:56:41.000Z","0056g000003hlBjAAI","","Field Mapping Installer Category","true","Field Mapping Installer Key","true","The following system property prevents the Fall 2016 GA release data installer from overwriting the field maps for three Opportunity object fields:
Product Line, Product Type, and Product. Configure this system property before running the data installers",""
"a1D6g000002K5MxEAK","","CLEANER.Covenant Batch Updater","00D6g0000052B2qEAE","2020-04-03T15:42:18.000Z","0056g000003hlHUAAY","2020-04-03T15:42:18.000Z","0056g000003hlHUAAY","","CLEANER","true","CLEANER.Covenant Batch Updater","08e6g00000GVlHJ","",""
"a1D6g000002K68SEAS","","42494583273726072","00D6g0000052B2qEAE","2020-04-03T19:06:23.000Z","0056g000003hlHVAAY","2020-04-03T19:06:23.000Z","0056g000003hlHVAAY","","underwriting","true","RMA_AWS_YEAR","2019","",""
