"Id","IsDeleted","Name","CreatedDate","CreatedById","LastModifiedDate","LastModifiedById","SystemModstamp","ConnectionReceivedId","ConnectionSentId","LLC_BI__CFG_ConfigKeys__c","LLC_BI__CFG_ConfigValue__c","LLC_BI__Product_Type__c","LLC_BI__lookupKey__c","wmx_module__c"
"a0C4v00001qOVXdEAO","","CFG-CKJ00014730","2021-08-30T17:53:08.000Z","0054v00000EIZAcAAP","2021-08-30T17:53:08.000Z","0054v00000EIZAcAAP","","","","a0D4v00000hruCqEAI","a0E4v00000yMDAyEAO","","42398624046769584",""
"a0C4v00001qOVXeEAO","","CFG-CKJ00014731","2021-08-30T17:53:08.000Z","0054v00000EIZAcAAP","2021-08-30T17:53:08.000Z","0054v00000EIZAcAAP","","","","a0D4v00000hruCrEAI","a0E4v00000yMDAyEAO","","42140038977471928",""
"a0C4v00001qOVXfEAO","","CFG-CKJ00014732","2021-08-30T17:53:08.000Z","0054v00000EIZAcAAP","2021-08-30T17:53:08.000Z","0054v00000EIZAcAAP","","","","a0D4v00000hruCqEAI","a0E4v00000yMDAzEAO","","42260813668011038",""
"a0C4v00001qOVXgEAO","","CFG-CKJ00014733","2021-08-30T17:53:08.000Z","0054v00000EIZAcAAP","2021-08-30T17:53:08.000Z","0054v00000EIZAcAAP","","","","a0D4v00000hruCrEAI","a0E4v00000yMDAzEAO","","42170451934920689",""
"a0C4v00001qOVXhEAO","","CFG-CKJ00014734","2021-08-30T17:53:08.000Z","0054v00000EIZAcAAP","2021-08-30T17:53:08.000Z","0054v00000EIZAcAAP","","","","a0D4v00000hruCrEAI","a0E4v00000yMDB0EAO","","42587834079752218",""
"a0C4v00001qOVXiEAO","","CFG-CKJ00014735","2021-08-30T17:53:08.000Z","0054v00000EIZAcAAP","2021-08-30T17:53:08.000Z","0054v00000EIZAcAAP","","","","a0D4v00000hruCqEAI","a0E4v00000yMDB1EAO","","42811388407328277",""
"a0C6g000000GeK5EAK","","CFG-CKJ00014568","2020-01-24T21:56:41.000Z","0056g000003hlBjAAI","2021-04-15T17:20:24.000Z","0054v00000EIZAcAAP","","","","a0D6g000000r9fGEAQ","a0E6g0000015XYCEA2","","a0C6g000000GeK5EAK",""
"a0C6g000000GeK6EAK","","CFG-CKJ00014569","2020-01-24T21:56:41.000Z","0056g000003hlBjAAI","2021-04-15T17:20:24.000Z","0054v00000EIZAcAAP","","","","a0D6g000000r9fGEAQ","a0E6g0000015XYAEA2","","a0C6g000000GeK6EAK",""
"a0C6g000000GeK7EAK","","CFG-CKJ00014570","2020-01-24T21:56:41.000Z","0056g000003hlBjAAI","2021-04-15T17:20:24.000Z","0054v00000EIZAcAAP","","","","a0D6g000000r9fGEAQ","a0E6g0000015XYBEA2","","a0C6g000000GeK7EAK",""
"a0C6g000000GeK8EAK","","CFG-CKJ00014571","2020-01-24T21:56:41.000Z","0056g000003hlBjAAI","2021-04-15T17:20:25.000Z","0054v00000EIZAcAAP","","","","a0D6g000000r9fGEAQ","a0E6g0000015XY0EAM","","a0C6g000000GeK8EAK",""
"a0C6g000000GeK9EAK","","CFG-CKJ00014572","2020-01-24T21:56:41.000Z","0056g000003hlBjAAI","2021-04-15T17:20:25.000Z","0054v00000EIZAcAAP","","","","a0D6g000000r9fGEAQ","a0E6g0000015XY9EAM","","a0C6g000000GeK9EAK",""
"a0C6g000000GeKAEA0","","CFG-CKJ00014573","2020-01-24T21:56:41.000Z","0056g000003hlBjAAI","2021-04-15T17:20:26.000Z","0054v00000EIZAcAAP","","","","a0D6g000000r9fGEAQ","a0E6g0000015XY8EAM","","a0C6g000000GeKAEA0",""
"a0C6g000000GeKBEA0","","CFG-CKJ00014574","2020-01-24T21:56:41.000Z","0056g000003hlBjAAI","2021-04-15T17:20:26.000Z","0054v00000EIZAcAAP","","","","a0D6g000000r9fHEAQ","a0E6g0000015XYCEA2","","a0C6g000000GeKBEA0",""
"a0C6g000000GeKCEA0","","CFG-CKJ00014575","2020-01-24T21:56:41.000Z","0056g000003hlBjAAI","2021-04-15T17:20:26.000Z","0054v00000EIZAcAAP","","","","a0D6g000000r9fHEAQ","a0E6g0000015XYAEA2","","a0C6g000000GeKCEA0",""
"a0C6g000000GeKDEA0","","CFG-CKJ00014576","2020-01-24T21:56:41.000Z","0056g000003hlBjAAI","2021-04-15T17:20:27.000Z","0054v00000EIZAcAAP","","","","a0D6g000000r9fHEAQ","a0E6g0000015XYBEA2","","a0C6g000000GeKDEA0",""
"a0C6g000000GeKEEA0","","CFG-CKJ00014577","2020-01-24T21:56:41.000Z","0056g000003hlBjAAI","2021-04-15T17:20:27.000Z","0054v00000EIZAcAAP","","","","a0D6g000000r9fHEAQ","a0E6g0000015XY0EAM","","a0C6g000000GeKEEA0",""
"a0C6g000000GeKFEA0","","CFG-CKJ00014578","2020-01-24T21:56:41.000Z","0056g000003hlBjAAI","2021-04-15T17:20:27.000Z","0054v00000EIZAcAAP","","","","a0D6g000000r9fHEAQ","a0E6g0000015XY9EAM","","a0C6g000000GeKFEA0",""
"a0C6g000000GeKGEA0","","CFG-CKJ00014579","2020-01-24T21:56:41.000Z","0056g000003hlBjAAI","2021-04-15T17:20:28.000Z","0054v00000EIZAcAAP","","","","a0D6g000000r9fHEAQ","a0E6g0000015XY8EAM","","a0C6g000000GeKGEA0",""
"a0C6g000000GeKHEA0","","CFG-CKJ00014580","2020-01-24T21:56:41.000Z","0056g000003hlBjAAI","2021-04-15T17:20:28.000Z","0054v00000EIZAcAAP","","","","a0D6g000000r9fIEAQ","a0E6g0000015XYCEA2","","a0C6g000000GeKHEA0",""
"a0C6g000000GeKIEA0","","CFG-CKJ00014581","2020-01-24T21:56:41.000Z","0056g000003hlBjAAI","2021-04-15T17:20:28.000Z","0054v00000EIZAcAAP","","","","a0D6g000000r9fIEAQ","a0E6g0000015XYAEA2","","a0C6g000000GeKIEA0",""
"a0C6g000000GeKJEA0","","CFG-CKJ00014582","2020-01-24T21:56:41.000Z","0056g000003hlBjAAI","2021-04-15T17:20:29.000Z","0054v00000EIZAcAAP","","","","a0D6g000000r9fIEAQ","a0E6g0000015XYBEA2","","a0C6g000000GeKJEA0",""
"a0C6g000000GeKKEA0","","CFG-CKJ00014583","2020-01-24T21:56:41.000Z","0056g000003hlBjAAI","2021-04-15T17:20:29.000Z","0054v00000EIZAcAAP","","","","a0D6g000000r9fIEAQ","a0E6g0000015XY0EAM","","a0C6g000000GeKKEA0",""
"a0C6g000000GeKLEA0","","CFG-CKJ00014584","2020-01-24T21:56:41.000Z","0056g000003hlBjAAI","2021-04-15T17:20:30.000Z","0054v00000EIZAcAAP","","","","a0D6g000000r9fIEAQ","a0E6g0000015XY9EAM","","a0C6g000000GeKLEA0",""
"a0C6g000000GeKMEA0","","CFG-CKJ00014585","2020-01-24T21:56:41.000Z","0056g000003hlBjAAI","2021-04-15T17:20:30.000Z","0054v00000EIZAcAAP","","","","a0D6g000000r9fIEAQ","a0E6g0000015XY8EAM","","a0C6g000000GeKMEA0",""
"a0C6g000000GeKNEA0","","CFG-CKJ00000012","2020-01-24T21:56:41.000Z","0056g000003hlBjAAI","2021-04-15T17:20:31.000Z","0054v00000EIZAcAAP","","","","a0D6g000000r9fOEAQ","a0E6g0000015XYJEA2","","a0C6g000000GeKNEA0",""
"a0C6g000000GeKOEA0","","CFG-CKJ00000009","2020-01-24T21:56:41.000Z","0056g000003hlBjAAI","2021-04-15T17:20:31.000Z","0054v00000EIZAcAAP","","","","a0D6g000000r9fOEAQ","a0E6g0000015XYGEA2","","a0C6g000000GeKOEA0",""
"a0C6g000000GeKPEA0","","CFG-CKJ00000000","2020-01-24T21:56:41.000Z","0056g000003hlBjAAI","2021-04-15T17:20:32.000Z","0054v00000EIZAcAAP","","","","a0D6g000000r9fJEAQ","a0E6g0000015XY1EAM","","a0C6g000000GeKPEA0",""
"a0C6g000000GeKQEA0","","CFG-CKJ00000001","2020-01-24T21:56:41.000Z","0056g000003hlBjAAI","2021-04-15T17:20:32.000Z","0054v00000EIZAcAAP","","","","a0D6g000000r9fKEAQ","a0E6g0000015XXzEAM","","a0C6g000000GeKQEA0",""
"a0C6g000000GeKREA0","","CFG-CKJ00000002","2020-01-24T21:56:41.000Z","0056g000003hlBjAAI","2021-04-15T17:20:33.000Z","0054v00000EIZAcAAP","","","","a0D6g000000r9fMEAQ","a0E6g0000015XY2EAM","","a0C6g000000GeKREA0",""
"a0C6g000000GeKSEA0","","CFG-CKJ00000003","2020-01-24T21:56:41.000Z","0056g000003hlBjAAI","2021-04-15T17:20:34.000Z","0054v00000EIZAcAAP","","","","a0D6g000000r9fMEAQ","a0E6g0000015XY7EAM","","a0C6g000000GeKSEA0",""
"a0C6g000000GeKTEA0","","CFG-CKJ00000004","2020-01-24T21:56:41.000Z","0056g000003hlBjAAI","2021-04-15T17:20:35.000Z","0054v00000EIZAcAAP","","","","a0D6g000000r9fNEAQ","a0E6g0000015XY3EAM","","a0C6g000000GeKTEA0",""
"a0C6g000000GeKUEA0","","CFG-CKJ00000083","2020-01-24T21:56:41.000Z","0056g000003hlBjAAI","2021-04-15T17:20:35.000Z","0054v00000EIZAcAAP","","","","a0D6g000000r9fPEAQ","a0E6g0000015XY0EAM","","a0C6g000000GeKUEA0",""
"a0C6g000000GeKVEA0","","CFG-CKJ00000005","2020-01-24T21:56:41.000Z","0056g000003hlBjAAI","2021-04-15T17:20:36.000Z","0054v00000EIZAcAAP","","","","a0D6g000000r9fLEAQ","a0E6g0000015XY6EAM","","a0C6g000000GeKVEA0",""
"a0C6g000000GeKWEA0","","CFG-CKJ00000006","2020-01-24T21:56:41.000Z","0056g000003hlBjAAI","2021-04-15T17:20:36.000Z","0054v00000EIZAcAAP","","","","a0D6g000000r9fOEAQ","a0E6g0000015XYDEA2","","a0C6g000000GeKWEA0",""
"a0C6g000000GeKXEA0","","CFG-CKJ00000007","2020-01-24T21:56:41.000Z","0056g000003hlBjAAI","2021-04-15T17:20:36.000Z","0054v00000EIZAcAAP","","","","a0D6g000000r9fOEAQ","a0E6g0000015XYEEA2","","a0C6g000000GeKXEA0",""
"a0C6g000000GeKYEA0","","CFG-CKJ00000015","2020-01-24T21:56:41.000Z","0056g000003hlBjAAI","2021-04-15T17:20:37.000Z","0054v00000EIZAcAAP","","","","a0D6g000000r9fOEAQ","a0E6g0000015XYMEA2","","a0C6g000000GeKYEA0",""
"a0C6g000000GeKZEA0","","CFG-CKJ00000023","2020-01-24T21:56:41.000Z","0056g000003hlBjAAI","2021-04-15T17:20:37.000Z","0054v00000EIZAcAAP","","","","a0D6g000000r9fOEAQ","a0E6g0000015XYSEA2","","a0C6g000000GeKZEA0",""
"a0C6g000000GeKaEAK","","CFG-CKJ00000008","2020-01-24T21:56:41.000Z","0056g000003hlBjAAI","2021-04-15T17:20:37.000Z","0054v00000EIZAcAAP","","","","a0D6g000000r9fOEAQ","a0E6g0000015XYFEA2","","a0C6g000000GeKaEAK",""
"a0C6g000000GeKbEAK","","CFG-CKJ00000010","2020-01-24T21:56:41.000Z","0056g000003hlBjAAI","2021-04-15T17:20:38.000Z","0054v00000EIZAcAAP","","","","a0D6g000000r9fOEAQ","a0E6g0000015XYHEA2","","a0C6g000000GeKbEAK",""
"a0C6g000000GeKcEAK","","CFG-CKJ00000018","2020-01-24T21:56:41.000Z","0056g000003hlBjAAI","2021-04-15T17:20:38.000Z","0054v00000EIZAcAAP","","","","a0D6g000000r9fOEAQ","a0E6g0000015XY5EAM","","a0C6g000000GeKcEAK",""
"a0C6g000000GeKdEAK","","CFG-CKJ00000011","2020-01-24T21:56:41.000Z","0056g000003hlBjAAI","2021-04-15T17:20:38.000Z","0054v00000EIZAcAAP","","","","a0D6g000000r9fOEAQ","a0E6g0000015XYIEA2","","a0C6g000000GeKdEAK",""
"a0C6g000000GeKeEAK","","CFG-CKJ00000013","2020-01-24T21:56:41.000Z","0056g000003hlBjAAI","2021-04-15T17:20:38.000Z","0054v00000EIZAcAAP","","","","a0D6g000000r9fOEAQ","a0E6g0000015XYKEA2","","a0C6g000000GeKeEAK",""
"a0C6g000000GeKfEAK","","CFG-CKJ00000014","2020-01-24T21:56:41.000Z","0056g000003hlBjAAI","2021-04-15T17:20:39.000Z","0054v00000EIZAcAAP","","","","a0D6g000000r9fOEAQ","a0E6g0000015XYLEA2","","a0C6g000000GeKfEAK",""
"a0C6g000000GeKgEAK","","CFG-CKJ00000016","2020-01-24T21:56:41.000Z","0056g000003hlBjAAI","2021-04-15T17:20:39.000Z","0054v00000EIZAcAAP","","","","a0D6g000000r9fOEAQ","a0E6g0000015XYNEA2","","a0C6g000000GeKgEAK",""
"a0C6g000000GeKhEAK","","CFG-CKJ00000017","2020-01-24T21:56:41.000Z","0056g000003hlBjAAI","2021-04-15T17:20:39.000Z","0054v00000EIZAcAAP","","","","a0D6g000000r9fOEAQ","a0E6g0000015XY4EAM","","a0C6g000000GeKhEAK",""
"a0C6g000000GeKiEAK","","CFG-CKJ00000019","2020-01-24T21:56:41.000Z","0056g000003hlBjAAI","2021-04-15T17:20:39.000Z","0054v00000EIZAcAAP","","","","a0D6g000000r9fOEAQ","a0E6g0000015XYOEA2","","a0C6g000000GeKiEAK",""
"a0C6g000000GeKjEAK","","CFG-CKJ00000020","2020-01-24T21:56:41.000Z","0056g000003hlBjAAI","2021-04-15T17:20:40.000Z","0054v00000EIZAcAAP","","","","a0D6g000000r9fOEAQ","a0E6g0000015XYPEA2","","a0C6g000000GeKjEAK",""
"a0C6g000000GeKkEAK","","CFG-CKJ00000021","2020-01-24T21:56:41.000Z","0056g000003hlBjAAI","2021-04-15T17:20:40.000Z","0054v00000EIZAcAAP","","","","a0D6g000000r9fOEAQ","a0E6g0000015XYQEA2","","a0C6g000000GeKkEAK",""
"a0C6g000000GeKlEAK","","CFG-CKJ00000022","2020-01-24T21:56:41.000Z","0056g000003hlBjAAI","2021-04-15T17:20:40.000Z","0054v00000EIZAcAAP","","","","a0D6g000000r9fOEAQ","a0E6g0000015XYREA2","","a0C6g000000GeKlEAK",""
"a0C6g000000GeKmEAK","","CFG-CKJ00000024","2020-01-24T21:56:41.000Z","0056g000003hlBjAAI","2021-04-15T17:20:41.000Z","0054v00000EIZAcAAP","","","","a0D6g000000r9fOEAQ","a0E6g0000015XYTEA2","","a0C6g000000GeKmEAK",""
"a0C6g000000GeKnEAK","","CFG-CKJ00000025","2020-01-24T21:56:41.000Z","0056g000003hlBjAAI","2021-04-15T17:20:41.000Z","0054v00000EIZAcAAP","","","","a0D6g000000r9fOEAQ","a0E6g0000015XYUEA2","","a0C6g000000GeKnEAK",""
"a0C6g000000GeKoEAK","","CFG-CKJ00000026","2020-01-24T21:56:41.000Z","0056g000003hlBjAAI","2021-04-15T17:20:41.000Z","0054v00000EIZAcAAP","","","","a0D6g000000r9fPEAQ","a0E6g0000015XYCEA2","","a0C6g000000GeKoEAK","1"
"a0C6g000000GeKpEAK","","CFG-CKJ00000121","2020-01-24T21:56:41.000Z","0056g000003hlBjAAI","2021-04-15T17:20:41.000Z","0054v00000EIZAcAAP","","","","a0D6g000000r9fPEAQ","a0E6g0000015XY8EAM","","a0C6g000000GeKpEAK",""
"a0C6g000000GeKqEAK","","CFG-CKJ00000045","2020-01-24T21:56:41.000Z","0056g000003hlBjAAI","2021-04-15T17:20:41.000Z","0054v00000EIZAcAAP","","","","a0D6g000000r9fPEAQ","a0E6g0000015XYAEA2","","a0C6g000000GeKqEAK",""
"a0C6g000000GeKrEAK","","CFG-CKJ00000064","2020-01-24T21:56:41.000Z","0056g000003hlBjAAI","2021-04-15T17:20:42.000Z","0054v00000EIZAcAAP","","","","a0D6g000000r9fPEAQ","a0E6g0000015XYBEA2","","a0C6g000000GeKrEAK",""
"a0C6g000000GeKsEAK","","CFG-CKJ00000102","2020-01-24T21:56:41.000Z","0056g000003hlBjAAI","2021-04-15T17:20:42.000Z","0054v00000EIZAcAAP","","","","a0D6g000000r9fPEAQ","a0E6g0000015XY9EAM","","a0C6g000000GeKsEAK",""
"a0C6g000000GeKtEAK","","CFG-CKJ00000141","2020-01-24T21:56:41.000Z","0056g000003hlBjAAI","2021-04-15T17:20:42.000Z","0054v00000EIZAcAAP","","","","a0D6g000000r9fOEAQ","a0E6g0000015XY9EAM","","a0C6g000000GeKtEAK",""
"a0C6g000000GeKuEAK","","CFG-CKJ00000140","2020-01-24T21:56:41.000Z","0056g000003hlBjAAI","2021-04-15T17:20:42.000Z","0054v00000EIZAcAAP","","","","a0D6g000000r9fOEAQ","a0E6g0000015XYVEA2","","a0C6g000000GeKuEAK",""
"a0C6g000000GeKvEAK","","CFG-CKJ00006148","2020-01-24T21:56:41.000Z","0056g000003hlBjAAI","2021-04-15T17:20:42.000Z","0054v00000EIZAcAAP","","","","a0D6g000000r9fPEAQ","a0E6g0000015XYbEAM","","a0C6g000000GeKvEAK",""
"a0C6g000000GeKwEAK","","CFG-CKJ00006149","2020-01-24T21:56:41.000Z","0056g000003hlBjAAI","2021-04-15T17:20:43.000Z","0054v00000EIZAcAAP","","","","a0D6g000000r9fPEAQ","a0E6g0000015XYaEAM","","a0C6g000000GeKwEAK",""
"a0C6g000000GeKxEAK","","CFG-CKJ00006150","2020-01-24T21:56:41.000Z","0056g000003hlBjAAI","2021-04-15T17:20:43.000Z","0054v00000EIZAcAAP","","","","a0D6g000000r9fPEAQ","a0E6g0000015XY2EAM","","a0C6g000000GeKxEAK",""
"a0C6g000001C5FuEAK","","CFG-CKJ00014706","2020-05-13T21:00:07.000Z","0056g000003hlBjAAI","2021-04-15T17:20:43.000Z","0054v00000EIZAcAAP","","","","a0D6g000000r9fGEAQ","a0E6g0000015XYaEAM","","a0C6g000001C5FuEAK",""
"a0C6g000001C5FvEAK","","CFG-CKJ00014724","2020-05-13T21:03:51.000Z","0056g000003hlBjAAI","2021-04-15T17:20:43.000Z","0054v00000EIZAcAAP","","","","a0D6g000002K00ZEAS","a0E6g0000015XYbEAM","","a0C6g000001C5FvEAK",""
"a0C6g000001C5FwEAK","","CFG-CKJ00014725","2020-05-13T21:03:59.000Z","0056g000003hlBjAAI","2021-04-15T17:20:44.000Z","0054v00000EIZAcAAP","","","","a0D6g000002K0cSEAS","a0E6g0000015XYbEAM","","a0C6g000001C5FwEAK",""
"a0C6g000001C5FxEAK","","CFG-CKJ00014728","2020-05-13T21:04:26.000Z","0056g000003hlBjAAI","2021-04-15T17:20:44.000Z","0054v00000EIZAcAAP","","","","a0D6g000000r9fIEAQ","a0E6g0000015XYbEAM","","a0C6g000001C5FxEAK",""
"a0C6g000001C5FzEAK","","CFG-CKJ00014707","2020-05-13T21:00:28.000Z","0056g000003hlBjAAI","2021-04-15T17:20:44.000Z","0054v00000EIZAcAAP","","","","a0D6g000002JztxEAC","a0E6g0000015XYaEAM","","a0C6g000001C5FzEAK",""
"a0C6g000001C5G0EAK","","CFG-CKJ00014713","2020-05-13T21:01:32.000Z","0056g000003hlBjAAI","2021-04-15T17:20:45.000Z","0054v00000EIZAcAAP","","","","a0D6g000002K0cSEAS","a0E6g0000015XYaEAM","","a0C6g000001C5G0EAK",""
"a0C6g000001C5G4EAK","","CFG-CKJ00014708","2020-05-13T21:00:42.000Z","0056g000003hlBjAAI","2021-04-15T17:20:45.000Z","0054v00000EIZAcAAP","","","","a0D6g000002JztyEAC","a0E6g0000015XYaEAM","","a0C6g000001C5G4EAK",""
"a0C6g000001C5G5EAK","","CFG-CKJ00014711","2020-05-13T21:01:13.000Z","0056g000003hlBjAAI","2021-04-15T17:20:45.000Z","0054v00000EIZAcAAP","","","","a0D6g000002K0cNEAS","a0E6g0000015XYaEAM","","a0C6g000001C5G5EAK",""
"a0C6g000001C5G9EAK","","CFG-CKJ00014709","2020-05-13T21:00:52.000Z","0056g000003hlBjAAI","2021-04-15T17:20:46.000Z","0054v00000EIZAcAAP","","","","a0D6g000002JztzEAC","a0E6g0000015XYaEAM","","a0C6g000001C5G9EAK",""
"a0C6g000001C5GAEA0","","CFG-CKJ00014712","2020-05-13T21:01:23.000Z","0056g000003hlBjAAI","2021-04-15T17:20:46.000Z","0054v00000EIZAcAAP","","","","a0D6g000002K00ZEAS","a0E6g0000015XYaEAM","","a0C6g000001C5GAEA0",""
"a0C6g000001C5GBEA0","","CFG-CKJ00014716","2020-05-13T21:02:15.000Z","0056g000003hlBjAAI","2021-04-15T17:20:46.000Z","0054v00000EIZAcAAP","","","","a0D6g000000r9fIEAQ","a0E6g0000015XYaEAM","","a0C6g000001C5GBEA0",""
"a0C6g000001C5GCEA0","","CFG-CKJ00014718","2020-05-13T21:03:00.000Z","0056g000003hlBjAAI","2021-04-15T17:20:46.000Z","0054v00000EIZAcAAP","","","","a0D6g000000r9fGEAQ","a0E6g0000015XYbEAM","","a0C6g000001C5GCEA0",""
"a0C6g000001C5GEEA0","","CFG-CKJ00014710","2020-05-13T21:01:03.000Z","0056g000003hlBjAAI","2021-04-15T17:20:47.000Z","0054v00000EIZAcAAP","","","","a0D6g000002Jzu0EAC","a0E6g0000015XYaEAM","","a0C6g000001C5GEEA0",""
"a0C6g000001C5GJEA0","","CFG-CKJ00014714","2020-05-13T21:01:40.000Z","0056g000003hlBjAAI","2021-04-15T17:20:47.000Z","0054v00000EIZAcAAP","","","","a0D6g000002K0cXEAS","a0E6g0000015XYaEAM","","a0C6g000001C5GJEA0",""
"a0C6g000001C5GKEA0","","CFG-CKJ00014717","2020-05-13T21:02:24.000Z","0056g000003hlBjAAI","2021-04-15T17:20:47.000Z","0054v00000EIZAcAAP","","","","a0D6g000002Jzu7EAC","a0E6g0000015XYaEAM","","a0C6g000001C5GKEA0",""
"a0C6g000001C5GOEA0","","CFG-CKJ00014715","2020-05-13T21:02:07.000Z","0056g000003hlBjAAI","2021-04-15T17:20:47.000Z","0054v00000EIZAcAAP","","","","a0D6g000000r9fHEAQ","a0E6g0000015XYaEAM","","a0C6g000001C5GOEA0",""
"a0C6g000001C5GPEA0","","CFG-CKJ00014726","2020-05-13T21:04:07.000Z","0056g000003hlBjAAI","2021-04-15T17:20:48.000Z","0054v00000EIZAcAAP","","","","a0D6g000002K0cXEAS","a0E6g0000015XYbEAM","","a0C6g000001C5GPEA0",""
"a0C6g000001C5GTEA0","","CFG-CKJ00014719","2020-05-13T21:03:09.000Z","0056g000003hlBjAAI","2021-04-15T17:20:48.000Z","0054v00000EIZAcAAP","","","","a0D6g000002JztxEAC","a0E6g0000015XYbEAM","","a0C6g000001C5GTEA0",""
"a0C6g000001C5GUEA0","","CFG-CKJ00014720","2020-05-13T21:03:17.000Z","0056g000003hlBjAAI","2021-04-15T17:20:48.000Z","0054v00000EIZAcAAP","","","","a0D6g000002JztyEAC","a0E6g0000015XYbEAM","","a0C6g000001C5GUEA0",""
"a0C6g000001C5GVEA0","","CFG-CKJ00014721","2020-05-13T21:03:24.000Z","0056g000003hlBjAAI","2021-04-15T17:20:49.000Z","0054v00000EIZAcAAP","","","","a0D6g000002JztzEAC","a0E6g0000015XYbEAM","","a0C6g000001C5GVEA0",""
"a0C6g000001C5GYEA0","","CFG-CKJ00014722","2020-05-13T21:03:33.000Z","0056g000003hlBjAAI","2021-04-15T17:20:49.000Z","0054v00000EIZAcAAP","","","","a0D6g000002Jzu0EAC","a0E6g0000015XYbEAM","","a0C6g000001C5GYEA0",""
"a0C6g000001C5GZEA0","","CFG-CKJ00014727","2020-05-13T21:04:19.000Z","0056g000003hlBjAAI","2021-04-15T17:20:49.000Z","0054v00000EIZAcAAP","","","","a0D6g000000r9fHEAQ","a0E6g0000015XYbEAM","","a0C6g000001C5GZEA0",""
"a0C6g000001C5GdEAK","","CFG-CKJ00014723","2020-05-13T21:03:42.000Z","0056g000003hlBjAAI","2021-04-15T17:20:50.000Z","0054v00000EIZAcAAP","","","","a0D6g000002K0cNEAS","a0E6g0000015XYbEAM","","a0C6g000001C5GdEAK",""
"a0C6g000001C5GiEAK","","CFG-CKJ00014729","2020-05-13T21:04:34.000Z","0056g000003hlBjAAI","2021-04-15T17:20:50.000Z","0054v00000EIZAcAAP","","","","a0D6g000002Jzu7EAC","a0E6g0000015XYbEAM","","a0C6g000001C5GiEAK",""
"a0C6g000001fGztEAE","","CFG-CKJ00014586","2020-04-06T15:13:53.000Z","0056g000003hlBjAAI","2021-04-15T17:20:50.000Z","0054v00000EIZAcAAP","","","","a0D6g000002JztxEAC","a0E6g0000015XYCEA2","","a0C6g000001fGztEAE",""
"a0C6g000001fGzuEAE","","CFG-CKJ00014587","2020-04-06T15:13:53.000Z","0056g000003hlBjAAI","2021-04-15T17:20:50.000Z","0054v00000EIZAcAAP","","","","a0D6g000002JztxEAC","a0E6g0000015XYAEA2","","a0C6g000001fGzuEAE",""
"a0C6g000001fGzvEAE","","CFG-CKJ00014588","2020-04-06T15:13:53.000Z","0056g000003hlBjAAI","2021-04-15T17:20:51.000Z","0054v00000EIZAcAAP","","","","a0D6g000002JztxEAC","a0E6g0000015XYBEA2","","a0C6g000001fGzvEAE",""
"a0C6g000001fGzwEAE","","CFG-CKJ00014589","2020-04-06T15:13:53.000Z","0056g000003hlBjAAI","2021-04-15T17:20:51.000Z","0054v00000EIZAcAAP","","","","a0D6g000002JztxEAC","a0E6g0000015XY0EAM","","a0C6g000001fGzwEAE",""
"a0C6g000001fGzxEAE","","CFG-CKJ00014590","2020-04-06T15:13:53.000Z","0056g000003hlBjAAI","2021-04-15T17:20:51.000Z","0054v00000EIZAcAAP","","","","a0D6g000002JztxEAC","a0E6g0000015XY9EAM","","a0C6g000001fGzxEAE",""
"a0C6g000001fGzyEAE","","CFG-CKJ00014591","2020-04-06T15:13:53.000Z","0056g000003hlBjAAI","2021-04-15T17:20:51.000Z","0054v00000EIZAcAAP","","","","a0D6g000002JztxEAC","a0E6g0000015XY8EAM","","a0C6g000001fGzyEAE",""
"a0C6g000001fGzzEAE","","CFG-CKJ00014592","2020-04-06T15:13:53.000Z","0056g000003hlBjAAI","2021-04-15T17:20:52.000Z","0054v00000EIZAcAAP","","","","a0D6g000002JztyEAC","a0E6g0000015XYCEA2","","a0C6g000001fGzzEAE",""
"a0C6g000001fH00EAE","","CFG-CKJ00014593","2020-04-06T15:13:53.000Z","0056g000003hlBjAAI","2021-04-15T17:20:52.000Z","0054v00000EIZAcAAP","","","","a0D6g000002JztyEAC","a0E6g0000015XYAEA2","","a0C6g000001fH00EAE",""
"a0C6g000001fH01EAE","","CFG-CKJ00014594","2020-04-06T15:13:53.000Z","0056g000003hlBjAAI","2021-04-15T17:20:52.000Z","0054v00000EIZAcAAP","","","","a0D6g000002JztyEAC","a0E6g0000015XYBEA2","","a0C6g000001fH01EAE",""
"a0C6g000001fH02EAE","","CFG-CKJ00014595","2020-04-06T15:13:53.000Z","0056g000003hlBjAAI","2021-04-15T17:20:52.000Z","0054v00000EIZAcAAP","","","","a0D6g000002JztyEAC","a0E6g0000015XY0EAM","","a0C6g000001fH02EAE",""
"a0C6g000001fH03EAE","","CFG-CKJ00014596","2020-04-06T15:13:53.000Z","0056g000003hlBjAAI","2021-04-15T17:20:53.000Z","0054v00000EIZAcAAP","","","","a0D6g000002JztyEAC","a0E6g0000015XY9EAM","","a0C6g000001fH03EAE",""
"a0C6g000001fH04EAE","","CFG-CKJ00014597","2020-04-06T15:13:53.000Z","0056g000003hlBjAAI","2021-04-15T17:20:53.000Z","0054v00000EIZAcAAP","","","","a0D6g000002JztyEAC","a0E6g0000015XY8EAM","","a0C6g000001fH04EAE",""
"a0C6g000001fH05EAE","","CFG-CKJ00014598","2020-04-06T15:13:54.000Z","0056g000003hlBjAAI","2021-04-15T17:20:53.000Z","0054v00000EIZAcAAP","","","","a0D6g000002JztzEAC","a0E6g0000015XYCEA2","","a0C6g000001fH05EAE",""
"a0C6g000001fH06EAE","","CFG-CKJ00014599","2020-04-06T15:13:54.000Z","0056g000003hlBjAAI","2021-04-15T17:20:53.000Z","0054v00000EIZAcAAP","","","","a0D6g000002JztzEAC","a0E6g0000015XYAEA2","","a0C6g000001fH06EAE",""
"a0C6g000001fH07EAE","","CFG-CKJ00014600","2020-04-06T15:13:54.000Z","0056g000003hlBjAAI","2021-04-15T17:20:54.000Z","0054v00000EIZAcAAP","","","","a0D6g000002JztzEAC","a0E6g0000015XYBEA2","","a0C6g000001fH07EAE",""
"a0C6g000001fH08EAE","","CFG-CKJ00014601","2020-04-06T15:13:54.000Z","0056g000003hlBjAAI","2021-04-15T17:20:54.000Z","0054v00000EIZAcAAP","","","","a0D6g000002JztzEAC","a0E6g0000015XY0EAM","","a0C6g000001fH08EAE",""
"a0C6g000001fH09EAE","","CFG-CKJ00014602","2020-04-06T15:13:54.000Z","0056g000003hlBjAAI","2021-04-15T17:20:54.000Z","0054v00000EIZAcAAP","","","","a0D6g000002JztzEAC","a0E6g0000015XY9EAM","","a0C6g000001fH09EAE",""
"a0C6g000001fH0AEAU","","CFG-CKJ00014603","2020-04-06T15:13:54.000Z","0056g000003hlBjAAI","2021-04-15T17:20:54.000Z","0054v00000EIZAcAAP","","","","a0D6g000002JztzEAC","a0E6g0000015XY8EAM","","a0C6g000001fH0AEAU",""
"a0C6g000001fH0BEAU","","CFG-CKJ00014604","2020-04-06T15:13:54.000Z","0056g000003hlBjAAI","2021-04-15T17:20:55.000Z","0054v00000EIZAcAAP","","","","a0D6g000002Jzu0EAC","a0E6g0000015XYCEA2","","a0C6g000001fH0BEAU",""
"a0C6g000001fH0CEAU","","CFG-CKJ00014605","2020-04-06T15:13:54.000Z","0056g000003hlBjAAI","2021-04-15T17:20:55.000Z","0054v00000EIZAcAAP","","","","a0D6g000002Jzu0EAC","a0E6g0000015XYAEA2","","a0C6g000001fH0CEAU",""
"a0C6g000001fH0DEAU","","CFG-CKJ00014606","2020-04-06T15:13:54.000Z","0056g000003hlBjAAI","2021-04-15T17:20:55.000Z","0054v00000EIZAcAAP","","","","a0D6g000002Jzu0EAC","a0E6g0000015XYBEA2","","a0C6g000001fH0DEAU",""
"a0C6g000001fH0EEAU","","CFG-CKJ00014607","2020-04-06T15:13:54.000Z","0056g000003hlBjAAI","2021-04-15T17:20:56.000Z","0054v00000EIZAcAAP","","","","a0D6g000002Jzu0EAC","a0E6g0000015XY0EAM","","a0C6g000001fH0EEAU",""
"a0C6g000001fH0FEAU","","CFG-CKJ00014608","2020-04-06T15:13:54.000Z","0056g000003hlBjAAI","2021-04-15T17:20:56.000Z","0054v00000EIZAcAAP","","","","a0D6g000002Jzu0EAC","a0E6g0000015XY9EAM","","a0C6g000001fH0FEAU",""
"a0C6g000001fH0GEAU","","CFG-CKJ00014609","2020-04-06T15:13:54.000Z","0056g000003hlBjAAI","2021-04-15T17:20:56.000Z","0054v00000EIZAcAAP","","","","a0D6g000002Jzu0EAC","a0E6g0000015XY8EAM","","a0C6g000001fH0GEAU",""
"a0C6g000001fH0MEAU","","CFG-CKJ00014610","2020-04-06T15:15:06.000Z","0056g000003hlBjAAI","2021-04-15T17:20:56.000Z","0054v00000EIZAcAAP","","","","a0D6g000002Jzu7EAC","a0E6g0000015XYCEA2","","a0C6g000001fH0MEAU",""
"a0C6g000001fH0NEAU","","CFG-CKJ00014611","2020-04-06T15:15:06.000Z","0056g000003hlBjAAI","2021-04-15T17:20:57.000Z","0054v00000EIZAcAAP","","","","a0D6g000002Jzu7EAC","a0E6g0000015XYAEA2","","a0C6g000001fH0NEAU",""
"a0C6g000001fH0OEAU","","CFG-CKJ00014612","2020-04-06T15:15:06.000Z","0056g000003hlBjAAI","2021-04-15T17:20:57.000Z","0054v00000EIZAcAAP","","","","a0D6g000002Jzu7EAC","a0E6g0000015XYBEA2","","a0C6g000001fH0OEAU",""
"a0C6g000001fH0PEAU","","CFG-CKJ00014613","2020-04-06T15:15:06.000Z","0056g000003hlBjAAI","2021-04-15T17:20:57.000Z","0054v00000EIZAcAAP","","","","a0D6g000002Jzu7EAC","a0E6g0000015XY0EAM","","a0C6g000001fH0PEAU",""
"a0C6g000001fH0QEAU","","CFG-CKJ00014614","2020-04-06T15:15:06.000Z","0056g000003hlBjAAI","2021-04-15T17:20:58.000Z","0054v00000EIZAcAAP","","","","a0D6g000002Jzu7EAC","a0E6g0000015XY9EAM","","a0C6g000001fH0QEAU",""
"a0C6g000001fH0REAU","","CFG-CKJ00014615","2020-04-06T15:15:06.000Z","0056g000003hlBjAAI","2021-04-15T17:20:58.000Z","0054v00000EIZAcAAP","","","","a0D6g000002Jzu7EAC","a0E6g0000015XY8EAM","","a0C6g000001fH0REAU",""
"a0C6g000001fH2EEAU","","CFG-CKJ00014616","2020-04-06T16:49:35.000Z","0056g000003hlBjAAI","2021-04-15T17:21:01.000Z","0054v00000EIZAcAAP","","","","a0D6g000002K00ZEAS","a0E6g0000015XYCEA2","","a0C6g000001fH2EEAU",""
"a0C6g000001fH2FEAU","","CFG-CKJ00014617","2020-04-06T16:49:35.000Z","0056g000003hlBjAAI","2021-04-15T17:20:58.000Z","0054v00000EIZAcAAP","","","","a0D6g000002K00ZEAS","a0E6g0000015XYAEA2","","a0C6g000001fH2FEAU",""
"a0C6g000001fH2GEAU","","CFG-CKJ00014618","2020-04-06T16:49:35.000Z","0056g000003hlBjAAI","2021-04-15T17:20:58.000Z","0054v00000EIZAcAAP","","","","a0D6g000002K00ZEAS","a0E6g0000015XYBEA2","","a0C6g000001fH2GEAU",""
"a0C6g000001fH2HEAU","","CFG-CKJ00014619","2020-04-06T16:49:35.000Z","0056g000003hlBjAAI","2021-04-15T17:20:58.000Z","0054v00000EIZAcAAP","","","","a0D6g000002K00ZEAS","a0E6g0000015XY0EAM","","a0C6g000001fH2HEAU",""
"a0C6g000001fH2IEAU","","CFG-CKJ00014620","2020-04-06T16:49:35.000Z","0056g000003hlBjAAI","2021-04-15T17:20:59.000Z","0054v00000EIZAcAAP","","","","a0D6g000002K00ZEAS","a0E6g0000015XY9EAM","","a0C6g000001fH2IEAU",""
"a0C6g000001fH2JEAU","","CFG-CKJ00014621","2020-04-06T16:49:35.000Z","0056g000003hlBjAAI","2021-04-15T17:20:59.000Z","0054v00000EIZAcAAP","","","","a0D6g000002K00ZEAS","a0E6g0000015XY8EAM","","a0C6g000001fH2JEAU",""
"a0C6g000001fId6EAE","","CFG-CKJ00014622","2020-04-07T08:23:41.000Z","0056g000003hlBjAAI","2021-04-15T17:20:59.000Z","0054v00000EIZAcAAP","","","","a0D6g000002K0cNEAS","a0E6g0000015XYCEA2","","a0C6g000001fId6EAE",""
"a0C6g000001fId7EAE","","CFG-CKJ00014623","2020-04-07T08:23:41.000Z","0056g000003hlBjAAI","2021-04-15T17:21:00.000Z","0054v00000EIZAcAAP","","","","a0D6g000002K0cNEAS","a0E6g0000015XYAEA2","","a0C6g000001fId7EAE",""
"a0C6g000001fId8EAE","","CFG-CKJ00014624","2020-04-07T08:23:41.000Z","0056g000003hlBjAAI","2021-04-15T17:21:00.000Z","0054v00000EIZAcAAP","","","","a0D6g000002K0cNEAS","a0E6g0000015XYBEA2","","a0C6g000001fId8EAE",""
"a0C6g000001fId9EAE","","CFG-CKJ00014625","2020-04-07T08:23:41.000Z","0056g000003hlBjAAI","2021-04-15T17:21:01.000Z","0054v00000EIZAcAAP","","","","a0D6g000002K0cNEAS","a0E6g0000015XY0EAM","","a0C6g000001fId9EAE",""
"a0C6g000001fIdAEAU","","CFG-CKJ00014626","2020-04-07T08:23:41.000Z","0056g000003hlBjAAI","2021-04-15T17:21:01.000Z","0054v00000EIZAcAAP","","","","a0D6g000002K0cNEAS","a0E6g0000015XY9EAM","","a0C6g000001fIdAEAU",""
"a0C6g000001fIdBEAU","","CFG-CKJ00014627","2020-04-07T08:23:41.000Z","0056g000003hlBjAAI","2021-04-15T17:21:01.000Z","0054v00000EIZAcAAP","","","","a0D6g000002K0cNEAS","a0E6g0000015XY8EAM","","a0C6g000001fIdBEAU",""
"a0C6g000001fIdCEAU","","CFG-CKJ00014628","2020-04-07T08:27:57.000Z","0056g000003hlBjAAI","2021-04-15T17:21:02.000Z","0054v00000EIZAcAAP","","","","a0D6g000002K0cSEAS","a0E6g0000015XYCEA2","","a0C6g000001fIdCEAU",""
"a0C6g000001fIdDEAU","","CFG-CKJ00014629","2020-04-07T08:27:57.000Z","0056g000003hlBjAAI","2021-04-15T17:21:02.000Z","0054v00000EIZAcAAP","","","","a0D6g000002K0cSEAS","a0E6g0000015XYAEA2","","a0C6g000001fIdDEAU",""
"a0C6g000001fIdEEAU","","CFG-CKJ00014630","2020-04-07T08:27:57.000Z","0056g000003hlBjAAI","2021-04-15T17:21:02.000Z","0054v00000EIZAcAAP","","","","a0D6g000002K0cSEAS","a0E6g0000015XYBEA2","","a0C6g000001fIdEEAU",""
"a0C6g000001fIdFEAU","","CFG-CKJ00014631","2020-04-07T08:27:57.000Z","0056g000003hlBjAAI","2021-04-15T17:21:03.000Z","0054v00000EIZAcAAP","","","","a0D6g000002K0cSEAS","a0E6g0000015XY0EAM","","a0C6g000001fIdFEAU",""
"a0C6g000001fIdGEAU","","CFG-CKJ00014632","2020-04-07T08:27:57.000Z","0056g000003hlBjAAI","2021-04-15T17:21:03.000Z","0054v00000EIZAcAAP","","","","a0D6g000002K0cSEAS","a0E6g0000015XY9EAM","","a0C6g000001fIdGEAU",""
"a0C6g000001fIdHEAU","","CFG-CKJ00014633","2020-04-07T08:27:57.000Z","0056g000003hlBjAAI","2021-04-15T17:21:03.000Z","0054v00000EIZAcAAP","","","","a0D6g000002K0cSEAS","a0E6g0000015XY8EAM","","a0C6g000001fIdHEAU",""
"a0C6g000001fIdIEAU","","CFG-CKJ00014634","2020-04-07T08:32:24.000Z","0056g000003hlBjAAI","2021-04-15T17:21:03.000Z","0054v00000EIZAcAAP","","","","a0D6g000002K0cXEAS","a0E6g0000015XYCEA2","","a0C6g000001fIdIEAU",""
"a0C6g000001fIdJEAU","","CFG-CKJ00014635","2020-04-07T08:32:24.000Z","0056g000003hlBjAAI","2021-04-15T17:21:04.000Z","0054v00000EIZAcAAP","","","","a0D6g000002K0cXEAS","a0E6g0000015XYAEA2","","a0C6g000001fIdJEAU",""
"a0C6g000001fIdKEAU","","CFG-CKJ00014636","2020-04-07T08:32:24.000Z","0056g000003hlBjAAI","2021-04-15T17:21:04.000Z","0054v00000EIZAcAAP","","","","a0D6g000002K0cXEAS","a0E6g0000015XYBEA2","","a0C6g000001fIdKEAU",""
"a0C6g000001fIdLEAU","","CFG-CKJ00014637","2020-04-07T08:32:24.000Z","0056g000003hlBjAAI","2021-04-15T17:21:04.000Z","0054v00000EIZAcAAP","","","","a0D6g000002K0cXEAS","a0E6g0000015XY0EAM","","a0C6g000001fIdLEAU",""
"a0C6g000001fIdMEAU","","CFG-CKJ00014638","2020-04-07T08:32:24.000Z","0056g000003hlBjAAI","2021-04-15T17:21:05.000Z","0054v00000EIZAcAAP","","","","a0D6g000002K0cXEAS","a0E6g0000015XY9EAM","","a0C6g000001fIdMEAU",""
"a0C6g000001fIdNEAU","","CFG-CKJ00014639","2020-04-07T08:32:24.000Z","0056g000003hlBjAAI","2021-04-15T17:21:05.000Z","0054v00000EIZAcAAP","","","","a0D6g000002K0cXEAS","a0E6g0000015XY8EAM","","a0C6g000001fIdNEAU",""
"a0C6g000001fIeHEAU","","CFG-CKJ00014640","2020-04-07T09:30:02.000Z","0056g000003hlBjAAI","2021-04-15T17:21:05.000Z","0054v00000EIZAcAAP","","","","a0D6g000002K0eLEAS","a0E6g0000015XYCEA2","","a0C6g000001fIeHEAU",""
"a0C6g000001fIeIEAU","","CFG-CKJ00014641","2020-04-07T09:30:02.000Z","0056g000003hlBjAAI","2021-04-15T17:21:06.000Z","0054v00000EIZAcAAP","","","","a0D6g000002K0eLEAS","a0E6g0000015XYAEA2","","a0C6g000001fIeIEAU",""
"a0C6g000001fIeJEAU","","CFG-CKJ00014642","2020-04-07T09:30:02.000Z","0056g000003hlBjAAI","2021-04-15T17:21:06.000Z","0054v00000EIZAcAAP","","","","a0D6g000002K0eLEAS","a0E6g0000015XYBEA2","","a0C6g000001fIeJEAU",""
"a0C6g000001fIeKEAU","","CFG-CKJ00014643","2020-04-07T09:30:02.000Z","0056g000003hlBjAAI","2021-04-15T17:21:06.000Z","0054v00000EIZAcAAP","","","","a0D6g000002K0eLEAS","a0E6g0000015XY0EAM","","a0C6g000001fIeKEAU",""
"a0C6g000001fIeLEAU","","CFG-CKJ00014644","2020-04-07T09:30:02.000Z","0056g000003hlBjAAI","2021-04-15T17:21:06.000Z","0054v00000EIZAcAAP","","","","a0D6g000002K0eLEAS","a0E6g0000015XY9EAM","","a0C6g000001fIeLEAU",""
"a0C6g000001fIeMEAU","","CFG-CKJ00014645","2020-04-07T09:30:02.000Z","0056g000003hlBjAAI","2021-04-15T17:21:07.000Z","0054v00000EIZAcAAP","","","","a0D6g000002K0eLEAS","a0E6g0000015XY8EAM","","a0C6g000001fIeMEAU",""
"a0C6g000001fIeNEAU","","CFG-CKJ00014646","2020-04-07T09:30:02.000Z","0056g000003hlBjAAI","2021-04-15T17:21:07.000Z","0054v00000EIZAcAAP","","","","a0D6g000002K0eMEAS","a0E6g0000015XYCEA2","","a0C6g000001fIeNEAU",""
"a0C6g000001fIeOEAU","","CFG-CKJ00014647","2020-04-07T09:30:02.000Z","0056g000003hlBjAAI","2021-04-15T17:21:07.000Z","0054v00000EIZAcAAP","","","","a0D6g000002K0eMEAS","a0E6g0000015XYAEA2","","a0C6g000001fIeOEAU",""
"a0C6g000001fIePEAU","","CFG-CKJ00014648","2020-04-07T09:30:02.000Z","0056g000003hlBjAAI","2021-04-15T17:21:08.000Z","0054v00000EIZAcAAP","","","","a0D6g000002K0eMEAS","a0E6g0000015XYBEA2","","a0C6g000001fIePEAU",""
"a0C6g000001fIeQEAU","","CFG-CKJ00014649","2020-04-07T09:30:02.000Z","0056g000003hlBjAAI","2021-04-15T17:21:08.000Z","0054v00000EIZAcAAP","","","","a0D6g000002K0eMEAS","a0E6g0000015XY0EAM","","a0C6g000001fIeQEAU",""
"a0C6g000001fIeREAU","","CFG-CKJ00014650","2020-04-07T09:30:02.000Z","0056g000003hlBjAAI","2021-04-15T17:21:08.000Z","0054v00000EIZAcAAP","","","","a0D6g000002K0eMEAS","a0E6g0000015XY9EAM","","a0C6g000001fIeREAU",""
"a0C6g000001fIeSEAU","","CFG-CKJ00014651","2020-04-07T09:30:02.000Z","0056g000003hlBjAAI","2021-04-15T17:21:09.000Z","0054v00000EIZAcAAP","","","","a0D6g000002K0eMEAS","a0E6g0000015XY8EAM","","a0C6g000001fIeSEAU",""
"a0C6g000001fIeTEAU","","CFG-CKJ00014652","2020-04-07T09:30:02.000Z","0056g000003hlBjAAI","2021-04-15T17:21:09.000Z","0054v00000EIZAcAAP","","","","a0D6g000002K0eNEAS","a0E6g0000015XYCEA2","","a0C6g000001fIeTEAU",""
"a0C6g000001fIeUEAU","","CFG-CKJ00014653","2020-04-07T09:30:02.000Z","0056g000003hlBjAAI","2021-04-15T17:21:09.000Z","0054v00000EIZAcAAP","","","","a0D6g000002K0eNEAS","a0E6g0000015XYAEA2","","a0C6g000001fIeUEAU",""
"a0C6g000001fIeVEAU","","CFG-CKJ00014654","2020-04-07T09:30:02.000Z","0056g000003hlBjAAI","2021-04-15T17:21:09.000Z","0054v00000EIZAcAAP","","","","a0D6g000002K0eNEAS","a0E6g0000015XYBEA2","","a0C6g000001fIeVEAU",""
"a0C6g000001fIeWEAU","","CFG-CKJ00014655","2020-04-07T09:30:02.000Z","0056g000003hlBjAAI","2021-04-15T17:21:10.000Z","0054v00000EIZAcAAP","","","","a0D6g000002K0eNEAS","a0E6g0000015XY0EAM","","a0C6g000001fIeWEAU",""
"a0C6g000001fIeXEAU","","CFG-CKJ00014656","2020-04-07T09:30:02.000Z","0056g000003hlBjAAI","2021-04-15T17:21:10.000Z","0054v00000EIZAcAAP","","","","a0D6g000002K0eNEAS","a0E6g0000015XY9EAM","","a0C6g000001fIeXEAU",""
"a0C6g000001fIeYEAU","","CFG-CKJ00014657","2020-04-07T09:30:02.000Z","0056g000003hlBjAAI","2021-04-15T17:21:10.000Z","0054v00000EIZAcAAP","","","","a0D6g000002K0eNEAS","a0E6g0000015XY8EAM","","a0C6g000001fIeYEAU",""
"a0C6g000001fIeZEAU","","CFG-CKJ00014658","2020-04-07T09:30:02.000Z","0056g000003hlBjAAI","2021-04-15T17:21:11.000Z","0054v00000EIZAcAAP","","","","a0D6g000002K0eOEAS","a0E6g0000015XYCEA2","","a0C6g000001fIeZEAU",""
"a0C6g000001fIeaEAE","","CFG-CKJ00014659","2020-04-07T09:30:02.000Z","0056g000003hlBjAAI","2021-04-15T17:21:11.000Z","0054v00000EIZAcAAP","","","","a0D6g000002K0eOEAS","a0E6g0000015XYAEA2","","a0C6g000001fIeaEAE",""
"a0C6g000001fIebEAE","","CFG-CKJ00014660","2020-04-07T09:30:02.000Z","0056g000003hlBjAAI","2021-04-15T17:21:11.000Z","0054v00000EIZAcAAP","","","","a0D6g000002K0eOEAS","a0E6g0000015XYBEA2","","a0C6g000001fIebEAE",""
"a0C6g000001fIecEAE","","CFG-CKJ00014661","2020-04-07T09:30:02.000Z","0056g000003hlBjAAI","2021-04-15T17:21:12.000Z","0054v00000EIZAcAAP","","","","a0D6g000002K0eOEAS","a0E6g0000015XY0EAM","","a0C6g000001fIecEAE",""
"a0C6g000001fIedEAE","","CFG-CKJ00014662","2020-04-07T09:30:02.000Z","0056g000003hlBjAAI","2021-04-15T17:21:12.000Z","0054v00000EIZAcAAP","","","","a0D6g000002K0eOEAS","a0E6g0000015XY9EAM","","a0C6g000001fIedEAE",""
"a0C6g000001fIeeEAE","","CFG-CKJ00014663","2020-04-07T09:30:02.000Z","0056g000003hlBjAAI","2021-04-15T17:21:12.000Z","0054v00000EIZAcAAP","","","","a0D6g000002K0eOEAS","a0E6g0000015XY8EAM","","a0C6g000001fIeeEAE",""
"a0C6g000001fIefEAE","","CFG-CKJ00014664","2020-04-07T09:30:02.000Z","0056g000003hlBjAAI","2021-04-15T17:21:12.000Z","0054v00000EIZAcAAP","","","","a0D6g000002K0ePEAS","a0E6g0000015XYCEA2","","a0C6g000001fIefEAE",""
"a0C6g000001fIegEAE","","CFG-CKJ00014665","2020-04-07T09:30:02.000Z","0056g000003hlBjAAI","2021-04-15T17:21:13.000Z","0054v00000EIZAcAAP","","","","a0D6g000002K0ePEAS","a0E6g0000015XYAEA2","","a0C6g000001fIegEAE",""
"a0C6g000001fIehEAE","","CFG-CKJ00014666","2020-04-07T09:30:02.000Z","0056g000003hlBjAAI","2021-04-15T17:21:13.000Z","0054v00000EIZAcAAP","","","","a0D6g000002K0ePEAS","a0E6g0000015XYBEA2","","a0C6g000001fIehEAE",""
"a0C6g000001fIeiEAE","","CFG-CKJ00014667","2020-04-07T09:30:02.000Z","0056g000003hlBjAAI","2021-04-15T17:21:16.000Z","0054v00000EIZAcAAP","","","","a0D6g000002K0ePEAS","a0E6g0000015XY0EAM","","a0C6g000001fIeiEAE",""
"a0C6g000001fIejEAE","","CFG-CKJ00014668","2020-04-07T09:30:02.000Z","0056g000003hlBjAAI","2021-04-15T17:21:13.000Z","0054v00000EIZAcAAP","","","","a0D6g000002K0ePEAS","a0E6g0000015XY9EAM","","a0C6g000001fIejEAE",""
"a0C6g000001fIekEAE","","CFG-CKJ00014669","2020-04-07T09:30:02.000Z","0056g000003hlBjAAI","2021-04-15T17:21:14.000Z","0054v00000EIZAcAAP","","","","a0D6g000002K0ePEAS","a0E6g0000015XY8EAM","","a0C6g000001fIekEAE",""
"a0C6g000001fIelEAE","","CFG-CKJ00014670","2020-04-07T09:30:02.000Z","0056g000003hlBjAAI","2021-04-15T17:21:14.000Z","0054v00000EIZAcAAP","","","","a0D6g000002K0eQEAS","a0E6g0000015XYCEA2","","a0C6g000001fIelEAE",""
"a0C6g000001fIemEAE","","CFG-CKJ00014671","2020-04-07T09:30:02.000Z","0056g000003hlBjAAI","2021-04-15T17:21:14.000Z","0054v00000EIZAcAAP","","","","a0D6g000002K0eQEAS","a0E6g0000015XYAEA2","","a0C6g000001fIemEAE",""
"a0C6g000001fIenEAE","","CFG-CKJ00014672","2020-04-07T09:30:02.000Z","0056g000003hlBjAAI","2021-04-15T17:21:14.000Z","0054v00000EIZAcAAP","","","","a0D6g000002K0eQEAS","a0E6g0000015XYBEA2","","a0C6g000001fIenEAE",""
"a0C6g000001fIeoEAE","","CFG-CKJ00014673","2020-04-07T09:30:02.000Z","0056g000003hlBjAAI","2021-04-15T17:21:15.000Z","0054v00000EIZAcAAP","","","","a0D6g000002K0eQEAS","a0E6g0000015XY0EAM","","a0C6g000001fIeoEAE",""
"a0C6g000001fIepEAE","","CFG-CKJ00014674","2020-04-07T09:30:02.000Z","0056g000003hlBjAAI","2021-04-15T17:21:15.000Z","0054v00000EIZAcAAP","","","","a0D6g000002K0eQEAS","a0E6g0000015XY9EAM","","a0C6g000001fIepEAE",""
"a0C6g000001fIeqEAE","","CFG-CKJ00014675","2020-04-07T09:30:02.000Z","0056g000003hlBjAAI","2021-04-15T17:21:15.000Z","0054v00000EIZAcAAP","","","","a0D6g000002K0eQEAS","a0E6g0000015XY8EAM","","a0C6g000001fIeqEAE",""
"a0C6g000001fIfGEAU","","CFG-CKJ00014676","2020-04-07T09:59:28.000Z","0056g000003hlBjAAI","2021-04-15T17:21:16.000Z","0054v00000EIZAcAAP","","","","a0D6g000002K0fTEAS","a0E6g0000015XYCEA2","","a0C6g000001fIfGEAU",""
"a0C6g000001fIfHEAU","","CFG-CKJ00014677","2020-04-07T09:59:28.000Z","0056g000003hlBjAAI","2021-04-15T17:21:16.000Z","0054v00000EIZAcAAP","","","","a0D6g000002K0fTEAS","a0E6g0000015XYAEA2","","a0C6g000001fIfHEAU",""
"a0C6g000001fIfIEAU","","CFG-CKJ00014678","2020-04-07T09:59:28.000Z","0056g000003hlBjAAI","2021-04-15T17:21:16.000Z","0054v00000EIZAcAAP","","","","a0D6g000002K0fTEAS","a0E6g0000015XYBEA2","","a0C6g000001fIfIEAU",""
"a0C6g000001fIfJEAU","","CFG-CKJ00014679","2020-04-07T09:59:28.000Z","0056g000003hlBjAAI","2021-04-15T17:21:17.000Z","0054v00000EIZAcAAP","","","","a0D6g000002K0fTEAS","a0E6g0000015XY0EAM","","a0C6g000001fIfJEAU",""
"a0C6g000001fIfKEAU","","CFG-CKJ00014680","2020-04-07T09:59:28.000Z","0056g000003hlBjAAI","2021-04-15T17:21:17.000Z","0054v00000EIZAcAAP","","","","a0D6g000002K0fTEAS","a0E6g0000015XY9EAM","","a0C6g000001fIfKEAU",""
"a0C6g000001fIfLEAU","","CFG-CKJ00014681","2020-04-07T09:59:28.000Z","0056g000003hlBjAAI","2021-04-15T17:21:17.000Z","0054v00000EIZAcAAP","","","","a0D6g000002K0fTEAS","a0E6g0000015XY8EAM","","a0C6g000001fIfLEAU",""
"a0C6g000001fIfMEAU","","CFG-CKJ00014682","2020-04-07T09:59:28.000Z","0056g000003hlBjAAI","2021-04-15T17:21:17.000Z","0054v00000EIZAcAAP","","","","a0D6g000002K0fUEAS","a0E6g0000015XYCEA2","","a0C6g000001fIfMEAU",""
"a0C6g000001fIfNEAU","","CFG-CKJ00014683","2020-04-07T09:59:28.000Z","0056g000003hlBjAAI","2021-04-15T17:20:16.000Z","0054v00000EIZAcAAP","","","","a0D6g000002K0fUEAS","a0E6g0000015XYAEA2","","a0C6g000001fIfNEAU",""
"a0C6g000001fIfOEAU","","CFG-CKJ00014684","2020-04-07T09:59:28.000Z","0056g000003hlBjAAI","2021-04-15T17:20:16.000Z","0054v00000EIZAcAAP","","","","a0D6g000002K0fUEAS","a0E6g0000015XYBEA2","","a0C6g000001fIfOEAU",""
"a0C6g000001fIfPEAU","","CFG-CKJ00014685","2020-04-07T09:59:28.000Z","0056g000003hlBjAAI","2021-04-15T17:20:17.000Z","0054v00000EIZAcAAP","","","","a0D6g000002K0fUEAS","a0E6g0000015XY0EAM","","a0C6g000001fIfPEAU",""
"a0C6g000001fIfQEAU","","CFG-CKJ00014686","2020-04-07T09:59:28.000Z","0056g000003hlBjAAI","2021-04-15T17:20:17.000Z","0054v00000EIZAcAAP","","","","a0D6g000002K0fUEAS","a0E6g0000015XY9EAM","","a0C6g000001fIfQEAU",""
"a0C6g000001fIfREAU","","CFG-CKJ00014687","2020-04-07T09:59:28.000Z","0056g000003hlBjAAI","2021-04-15T17:20:17.000Z","0054v00000EIZAcAAP","","","","a0D6g000002K0fUEAS","a0E6g0000015XY8EAM","","a0C6g000001fIfREAU",""
"a0C6g000001fIfSEAU","","CFG-CKJ00014688","2020-04-07T09:59:29.000Z","0056g000003hlBjAAI","2021-04-15T17:20:18.000Z","0054v00000EIZAcAAP","","","","a0D6g000002K0fVEAS","a0E6g0000015XYCEA2","","a0C6g000001fIfSEAU",""
"a0C6g000001fIfTEAU","","CFG-CKJ00014689","2020-04-07T09:59:29.000Z","0056g000003hlBjAAI","2021-04-15T17:20:18.000Z","0054v00000EIZAcAAP","","","","a0D6g000002K0fVEAS","a0E6g0000015XYAEA2","","a0C6g000001fIfTEAU",""
"a0C6g000001fIfUEAU","","CFG-CKJ00014690","2020-04-07T09:59:29.000Z","0056g000003hlBjAAI","2021-04-15T17:20:18.000Z","0054v00000EIZAcAAP","","","","a0D6g000002K0fVEAS","a0E6g0000015XYBEA2","","a0C6g000001fIfUEAU",""
"a0C6g000001fIfVEAU","","CFG-CKJ00014691","2020-04-07T09:59:29.000Z","0056g000003hlBjAAI","2021-04-15T17:20:19.000Z","0054v00000EIZAcAAP","","","","a0D6g000002K0fVEAS","a0E6g0000015XY0EAM","","a0C6g000001fIfVEAU",""
"a0C6g000001fIfWEAU","","CFG-CKJ00014692","2020-04-07T09:59:29.000Z","0056g000003hlBjAAI","2021-04-15T17:20:19.000Z","0054v00000EIZAcAAP","","","","a0D6g000002K0fVEAS","a0E6g0000015XY9EAM","","a0C6g000001fIfWEAU",""
"a0C6g000001fIfXEAU","","CFG-CKJ00014693","2020-04-07T09:59:29.000Z","0056g000003hlBjAAI","2021-04-15T17:20:20.000Z","0054v00000EIZAcAAP","","","","a0D6g000002K0fVEAS","a0E6g0000015XY8EAM","","a0C6g000001fIfXEAU",""
"a0C6g000001fIfYEAU","","CFG-CKJ00014694","2020-04-07T09:59:29.000Z","0056g000003hlBjAAI","2021-04-15T17:20:20.000Z","0054v00000EIZAcAAP","","","","a0D6g000002K0fWEAS","a0E6g0000015XYCEA2","","a0C6g000001fIfYEAU",""
"a0C6g000001fIfZEAU","","CFG-CKJ00014695","2020-04-07T09:59:29.000Z","0056g000003hlBjAAI","2021-04-15T17:20:20.000Z","0054v00000EIZAcAAP","","","","a0D6g000002K0fWEAS","a0E6g0000015XYAEA2","","a0C6g000001fIfZEAU",""
"a0C6g000001fIfaEAE","","CFG-CKJ00014696","2020-04-07T09:59:29.000Z","0056g000003hlBjAAI","2021-04-15T17:20:20.000Z","0054v00000EIZAcAAP","","","","a0D6g000002K0fWEAS","a0E6g0000015XYBEA2","","a0C6g000001fIfaEAE",""
"a0C6g000001fIfbEAE","","CFG-CKJ00014697","2020-04-07T09:59:29.000Z","0056g000003hlBjAAI","2021-04-15T17:20:21.000Z","0054v00000EIZAcAAP","","","","a0D6g000002K0fWEAS","a0E6g0000015XY0EAM","","a0C6g000001fIfbEAE",""
"a0C6g000001fIfcEAE","","CFG-CKJ00014698","2020-04-07T09:59:29.000Z","0056g000003hlBjAAI","2021-04-15T17:20:21.000Z","0054v00000EIZAcAAP","","","","a0D6g000002K0fWEAS","a0E6g0000015XY9EAM","","a0C6g000001fIfcEAE",""
"a0C6g000001fIfdEAE","","CFG-CKJ00014699","2020-04-07T09:59:29.000Z","0056g000003hlBjAAI","2021-04-15T17:20:21.000Z","0054v00000EIZAcAAP","","","","a0D6g000002K0fWEAS","a0E6g0000015XY8EAM","","a0C6g000001fIfdEAE",""
"a0C6g000001fIfeEAE","","CFG-CKJ00014700","2020-04-07T09:59:29.000Z","0056g000003hlBjAAI","2021-04-15T17:20:21.000Z","0054v00000EIZAcAAP","","","","a0D6g000002K0fXEAS","a0E6g0000015XYCEA2","","a0C6g000001fIfeEAE",""
"a0C6g000001fIffEAE","","CFG-CKJ00014701","2020-04-07T09:59:29.000Z","0056g000003hlBjAAI","2021-04-15T17:20:22.000Z","0054v00000EIZAcAAP","","","","a0D6g000002K0fXEAS","a0E6g0000015XYAEA2","","a0C6g000001fIffEAE",""
"a0C6g000001fIfgEAE","","CFG-CKJ00014702","2020-04-07T09:59:29.000Z","0056g000003hlBjAAI","2021-04-15T17:20:22.000Z","0054v00000EIZAcAAP","","","","a0D6g000002K0fXEAS","a0E6g0000015XYBEA2","","a0C6g000001fIfgEAE",""
"a0C6g000001fIfhEAE","","CFG-CKJ00014703","2020-04-07T09:59:29.000Z","0056g000003hlBjAAI","2021-04-15T17:20:22.000Z","0054v00000EIZAcAAP","","","","a0D6g000002K0fXEAS","a0E6g0000015XY0EAM","","a0C6g000001fIfhEAE",""
"a0C6g000001fIfiEAE","","CFG-CKJ00014704","2020-04-07T09:59:29.000Z","0056g000003hlBjAAI","2021-04-15T17:20:23.000Z","0054v00000EIZAcAAP","","","","a0D6g000002K0fXEAS","a0E6g0000015XY9EAM","","a0C6g000001fIfiEAE",""
"a0C6g000001fIfjEAE","","CFG-CKJ00014705","2020-04-07T09:59:29.000Z","0056g000003hlBjAAI","2021-04-15T17:20:23.000Z","0054v00000EIZAcAAP","","","","a0D6g000002K0fXEAS","a0E6g0000015XY8EAM","","a0C6g000001fIfjEAE",""
