"Id","OwnerId","IsDeleted","Name","CreatedDate","CreatedById","LastModifiedDate","LastModifiedById","SystemModstamp","ConnectionReceivedId","ConnectionSentId","nFORCE__Generator_Class__c","nFORCE__lookupKey__c","nFORCE__Category__c","nFORCE__Layout_Description__c","nFORCE__Layout_Preview_Image__c","nFORCE__Visualforce_Page__c","wmx_module__c"
"a2C6g00000026SAEAY","0056g000003hlBjAAI","","TwoColumnGrid","2020-01-24T21:56:41.000Z","0056g000003hlBjAAI","2020-01-24T21:56:41.000Z","0056g000003hlBjAAI","","","","Html.Layouts.TwoColumnGrid","42850165746207169","","","","",""
"a2C6g00000026SBEAY","0056g000003hlBjAAI","","TableLayout","2020-01-24T21:56:41.000Z","0056g000003hlBjAAI","2020-01-24T21:56:41.000Z","0056g000003hlBjAAI","","","","Html.Layouts.TableLayout","42391876653704558","","","","",""
"a2C6g00000026SCEAY","0056g000003hlBjAAI","","NoLayout","2020-01-24T21:56:41.000Z","0056g000003hlBjAAI","2020-01-24T21:56:41.000Z","0056g000003hlBjAAI","","","","Html.Layouts.NoLayout","42307955451120790","","","","",""
"a2C6g00000026SDEAY","0056g000003hlBjAAI","","NoLayout","2020-01-24T21:56:41.000Z","0056g000003hlBjAAI","2020-01-24T21:56:41.000Z","0056g000003hlBjAAI","","","","Html.Layouts.NoLayout","42827050442053982","","","","",""
"a2C6g00000026SEEAY","0056g000003hlBjAAI","","SingleColumnGrid","2020-01-24T21:56:41.000Z","0056g000003hlBjAAI","2020-01-24T21:56:41.000Z","0056g000003hlBjAAI","","","","Html.Layouts.SingleColumnGrid","42604206855771905","","","","",""
"a2C6g00000026SFEAY","0056g000003hlBjAAI","","NoLayout","2020-01-24T21:56:41.000Z","0056g000003hlBjAAI","2020-01-24T21:56:41.000Z","0056g000003hlBjAAI","","","","Html.Layouts.NoLayout","42462168007630294","","","","",""
"a2C6g00000026SGEAY","0056g000003hlBjAAI","","TableLayout","2020-01-24T21:56:41.000Z","0056g000003hlBjAAI","2020-01-24T21:56:41.000Z","0056g000003hlBjAAI","","","","Html.Layouts.TableLayout","42105134890155912","","","","",""
"a2C6g00000026SsEAI","0056g000003hlBjAAI","","TwoColumnGrid","2020-01-24T21:56:41.000Z","0056g000003hlBjAAI","2020-01-24T21:56:41.000Z","0056g000003hlBjAAI","","","","Html.Layouts.TwoColumnGrid","42194119301197215","","","","",""
"a2C6g00000026StEAI","0056g000003hlBjAAI","","NoLayout","2020-01-24T21:56:41.000Z","0056g000003hlBjAAI","2020-01-24T21:56:41.000Z","0056g000003hlBjAAI","","","","Html.Layouts.NoLayout","42416670953550255","","","","",""
"a2C6g00000026SuEAI","0056g000003hlBjAAI","","TableLayout","2020-01-24T21:56:41.000Z","0056g000003hlBjAAI","2020-01-24T21:56:41.000Z","0056g000003hlBjAAI","","","","Html.Layouts.TableLayout","42924366715229851","","","","",""
"a2C6g00000026SvEAI","0056g000003hlBjAAI","","TwoColumnGrid","2020-01-24T21:56:41.000Z","0056g000003hlBjAAI","2020-01-24T21:56:41.000Z","0056g000003hlBjAAI","","","","Html.Layouts.TwoColumnGrid","42168663986795115","","","","",""
"a2C6g00000026U0EAI","0056g000003hlBjAAI","","NoLayout","2020-01-24T21:56:41.000Z","0056g000003hlBjAAI","2020-01-24T21:56:41.000Z","0056g000003hlBjAAI","","","","Html.Layouts.NoLayout","42352276582142462","","","","",""
"a2C6g00000026U1EAI","0056g000003hlBjAAI","","NoLayout","2020-01-24T21:56:41.000Z","0056g000003hlBjAAI","2020-01-24T21:56:41.000Z","0056g000003hlBjAAI","","","","Html.Layouts.NoLayout","42892781429225809","","","","",""
"a2C6g00000026U2EAI","0056g000003hlBjAAI","","TableLayout","2020-01-24T21:56:41.000Z","0056g000003hlBjAAI","2020-01-24T21:56:41.000Z","0056g000003hlBjAAI","","","","Html.Layouts.TableLayout","42425443208536181","","","","",""
"a2C6g00000026U3EAI","0056g000003hlBjAAI","","TwoColumnGrid","2020-01-24T21:56:41.000Z","0056g000003hlBjAAI","2020-01-24T21:56:41.000Z","0056g000003hlBjAAI","","","","Html.Layouts.TwoColumnGrid","42207337910070284","","","","",""
"a2C6g00000026U4EAI","0056g000003hlBjAAI","","TwoColumnGrid","2020-01-24T21:56:41.000Z","0056g000003hlBjAAI","2020-01-24T21:56:41.000Z","0056g000003hlBjAAI","","","","Html.Layouts.TwoColumnGrid","42638527111102055","","","","",""
"a2C6g00000026WdEAI","0056g000003hlBjAAI","","TwoColumnGrid","2020-01-24T21:56:41.000Z","0056g000003hlBjAAI","2020-01-24T21:56:41.000Z","0056g000003hlBjAAI","","","","Html.Layouts.TwoColumnGrid","42623081306678578","","","","",""
"a2C6g00000026WeEAI","0056g000003hlBjAAI","","TwoColumnGrid","2020-01-24T21:56:41.000Z","0056g000003hlBjAAI","2020-01-24T21:56:41.000Z","0056g000003hlBjAAI","","","","Html.Layouts.TwoColumnGrid","14431560278867960","","","","",""
"a2C6g00000026WfEAI","0056g000003hlBjAAI","","NoLayout","2020-01-24T21:56:41.000Z","0056g000003hlBjAAI","2020-01-24T21:56:41.000Z","0056g000003hlBjAAI","","","","Html.Layouts.NoLayout","88191560278867959","","","","",""
"a2C6g00000026WgEAI","0056g000003hlBjAAI","","NoLayout","2020-01-24T21:56:41.000Z","0056g000003hlBjAAI","2020-01-24T21:56:41.000Z","0056g000003hlBjAAI","","","","Html.Layouts.NoLayout","23381560278867959","","","","",""
"a2C6g00000026WhEAI","0056g000003hlBjAAI","","SingleColumnGrid","2020-01-24T21:56:41.000Z","0056g000003hlBjAAI","2020-01-24T21:56:41.000Z","0056g000003hlBjAAI","","","","Html.Layouts.SingleColumnGrid","43881560278867960","","","","",""
"a2C6g00000026XGEAY","0056g000003hlBjAAI","","NoLayout","2020-01-24T21:56:41.000Z","0056g000003hlBjAAI","2020-01-24T21:56:41.000Z","0056g000003hlBjAAI","","","","Html.Layouts.NoLayout","72061562008947708","","","","",""
"a2C6g00000026XHEAY","0056g000003hlBjAAI","","TwoColumnGrid","2020-01-24T21:56:41.000Z","0056g000003hlBjAAI","2020-01-24T21:56:41.000Z","0056g000003hlBjAAI","","","","Html.Layouts.TwoColumnGrid","53551562008947708","","","","",""
"a2C6g00000026XsEAI","0056g000003hlBjAAI","","TwoColumnGrid","2020-01-24T21:56:41.000Z","0056g000003hlBjAAI","2020-01-24T21:56:41.000Z","0056g000003hlBjAAI","","","","Html.Layouts.TwoColumnGrid","42036523911362091","","","","",""
"a2C6g00000026XtEAI","0056g000003hlBjAAI","","TableLayout","2020-01-24T21:56:41.000Z","0056g000003hlBjAAI","2020-01-24T21:56:41.000Z","0056g000003hlBjAAI","","","","Html.Layouts.TableLayout","87851567002572493","","","","",""
"a2C6g00000026XuEAI","0056g000003hlBjAAI","","TableLayout","2020-01-24T21:56:41.000Z","0056g000003hlBjAAI","2020-01-24T21:56:41.000Z","0056g000003hlBjAAI","","","","Html.Layouts.TableLayout","80081567002572493","","","","",""
"a2C6g00000026XvEAI","0056g000003hlBjAAI","","TableLayout","2020-01-24T21:56:41.000Z","0056g000003hlBjAAI","2020-01-24T21:56:41.000Z","0056g000003hlBjAAI","","","","Html.Layouts.TableLayout","16941567002572494","","","","",""
"a2C6g00000026YUEAY","0056g000003hlBjAAI","","TwoColumnGrid","2020-01-24T21:56:41.000Z","0056g000003hlBjAAI","2020-01-24T21:56:41.000Z","0056g000003hlBjAAI","","","","Html.Layouts.TwoColumnGrid","42771303619685748","","","","",""
"a2C6g00000026YVEAY","0056g000003hlBjAAI","","NoLayout","2020-01-24T21:56:41.000Z","0056g000003hlBjAAI","2020-01-24T21:56:41.000Z","0056g000003hlBjAAI","","","","Html.Layouts.NoLayout","42908910678340000","","","","",""
"a2C6g00000026YYEAY","0056g000003hlBjAAI","","TableLayout","2020-01-24T21:56:41.000Z","0056g000003hlBjAAI","2020-01-24T21:56:41.000Z","0056g000003hlBjAAI","","","","Html.Layouts.TableLayout","423805189214134860","","","","",""
"a2C6g00000026YZEAY","0056g000003hlBjAAI","","TableLayout","2020-01-24T21:56:41.000Z","0056g000003hlBjAAI","2020-01-24T21:56:41.000Z","0056g000003hlBjAAI","","","","Html.Layouts.TableLayout","423805189214134861","","","","",""
"a2C6g00000026YaEAI","0056g000003hlBjAAI","","TableLayout","2020-01-24T21:56:41.000Z","0056g000003hlBjAAI","2020-01-24T21:56:41.000Z","0056g000003hlBjAAI","","","","Html.Layouts.TableLayout","423805189214134862","","","","",""
"a2C6g00000026YjEAI","0056g000003hlBjAAI","","TwoColumnGrid","2020-01-24T21:56:41.000Z","0056g000003hlBjAAI","2020-01-24T21:56:41.000Z","0056g000003hlBjAAI","","","","Html.Layouts.TwoColumnGrid","42236575597281130","","","","",""
"a2C6g00000026ZEEAY","0056g000003hlBjAAI","","TwoColumnGrid","2020-01-24T21:56:41.000Z","0056g000003hlBjAAI","2020-01-24T21:56:41.000Z","0056g000003hlBjAAI","","","","Html.Layouts.TwoColumnGrid","42693364340854134","","","","",""
"a2C6g00000026ZFEAY","0056g000003hlBjAAI","","TwoColumnGrid","2020-01-24T21:56:41.000Z","0056g000003hlBjAAI","2020-01-24T21:56:41.000Z","0056g000003hlBjAAI","","","","Html.Layouts.TwoColumnGrid","42224690031248780","","","","",""
"a2C6g00000026ZGEAY","0056g000003hlBjAAI","","TwoColumnGrid","2020-01-24T21:56:41.000Z","0056g000003hlBjAAI","2020-01-24T21:56:41.000Z","0056g000003hlBjAAI","","","","Html.Layouts.TwoColumnGrid","42635208571032064","","","","",""
"a2C6g00000026ZHEAY","0056g000003hlBjAAI","","TwoColumnGrid","2020-01-24T21:56:41.000Z","0056g000003hlBjAAI","2020-01-24T21:56:41.000Z","0056g000003hlBjAAI","","","","Html.Layouts.TwoColumnGrid","42304620396920647","","","","",""
"a2C6g00000026ZoEAI","0056g000003hlBjAAI","","TwoColumnGrid","2020-01-24T21:56:41.000Z","0056g000003hlBjAAI","2020-01-24T21:56:41.000Z","0056g000003hlBjAAI","","","","Html.Layouts.TwoColumnGrid","42332310368014825","","","","",""
"a2C6g00000026ZpEAI","0056g000003hlBjAAI","","TwoColumnGrid","2020-01-24T21:56:41.000Z","0056g000003hlBjAAI","2020-01-24T21:56:41.000Z","0056g000003hlBjAAI","","","","Html.Layouts.TwoColumnGrid","42146492712301673","","","","",""
"a2C6g00000026ZqEAI","0056g000003hlBjAAI","","NoLayout","2020-01-24T21:56:41.000Z","0056g000003hlBjAAI","2020-01-24T21:56:41.000Z","0056g000003hlBjAAI","","","","Html.Layouts.NoLayout","42169342725117281","","","","",""
"a2C6g00000026ZrEAI","0056g000003hlBjAAI","","TableLayout","2020-01-24T21:56:41.000Z","0056g000003hlBjAAI","2020-01-24T21:56:41.000Z","0056g000003hlBjAAI","","","","Html.Layouts.TableLayout","42620365532126681","","","","",""
"a2C6g00000026ZsEAI","0056g000003hlBjAAI","","TwoColumnGrid","2020-01-24T21:56:41.000Z","0056g000003hlBjAAI","2020-01-24T21:56:41.000Z","0056g000003hlBjAAI","","","","Html.Layouts.TwoColumnGrid","42519078222946588","","","","",""
"a2C6g00000026ZtEAI","0056g000003hlBjAAI","","TwoColumnGrid","2020-01-24T21:56:41.000Z","0056g000003hlBjAAI","2020-01-24T21:56:41.000Z","0056g000003hlBjAAI","","","","Html.Layouts.TwoColumnGrid","42900817578682316","","","","",""
"a2C6g00000026ZuEAI","0056g000003hlBjAAI","","TwoColumnGrid","2020-01-24T21:56:41.000Z","0056g000003hlBjAAI","2020-01-24T21:56:41.000Z","0056g000003hlBjAAI","","","","Html.Layouts.TwoColumnGrid","42847769287868252","","","","",""
"a2C6g00000026ZvEAI","0056g000003hlBjAAI","","TwoColumnGrid","2020-01-24T21:56:41.000Z","0056g000003hlBjAAI","2020-01-24T21:56:41.000Z","0056g000003hlBjAAI","","","","Html.Layouts.TwoColumnGrid","42669823203539594","","","","",""
"a2C6g00000026ZwEAI","0056g000003hlBjAAI","","NoLayout","2020-01-24T21:56:41.000Z","0056g000003hlBjAAI","2020-01-24T21:56:41.000Z","0056g000003hlBjAAI","","","","Html.Layouts.NoLayout","42384311201975589","","","","",""
"a2C6g00000026ZxEAI","0056g000003hlBjAAI","","TableLayout","2020-01-24T21:56:41.000Z","0056g000003hlBjAAI","2020-01-24T21:56:41.000Z","0056g000003hlBjAAI","","","","Html.Layouts.TableLayout","42531362879136297","","","","",""
"a2C6g00000026iAEAQ","0056g000003hlBjAAI","","NoLayout","2020-01-24T21:56:41.000Z","0056g000003hlBjAAI","2020-01-24T21:56:41.000Z","0056g000003hlBjAAI","","","","Html.Layouts.NoLayout","42565951438092068","","","","",""
"a2C6g00000026iBEAQ","0056g000003hlBjAAI","","TableLayout","2020-01-24T21:56:41.000Z","0056g000003hlBjAAI","2020-01-24T21:56:41.000Z","0056g000003hlBjAAI","","","","Html.Layouts.TableLayout","42752971908378809","","","","",""
"a2C6g00000026iCEAQ","0056g000003hlBjAAI","","NoLayout","2020-01-24T21:56:41.000Z","0056g000003hlBjAAI","2020-01-24T21:56:41.000Z","0056g000003hlBjAAI","","","","Html.Layouts.NoLayout","42731267334142973","","","","",""
"a2C6g00000026iDEAQ","0056g000003hlBjAAI","","TwoColumnGrid","2020-01-24T21:56:41.000Z","0056g000003hlBjAAI","2020-01-24T21:56:41.000Z","0056g000003hlBjAAI","","","","Html.Layouts.TwoColumnGrid","42386943597415043","","","","",""
"a2C6g00000026iGEAQ","0056g000003hlBjAAI","","NoLayout","2020-01-24T21:56:41.000Z","0056g000003hlBjAAI","2020-01-24T21:56:41.000Z","0056g000003hlBjAAI","","","","Html.Layouts.NoLayout","42017009139645992","","","","",""
"a2C6g00000026iHEAQ","0056g000003hlBjAAI","","TableLayout","2020-01-24T21:56:41.000Z","0056g000003hlBjAAI","2020-01-24T21:56:41.000Z","0056g000003hlBjAAI","","","","Html.Layouts.TableLayout","42013675635366865","","","","",""
"a2C6g00000026iIEAQ","0056g000003hlBjAAI","","TwoColumnGrid","2020-01-24T21:56:41.000Z","0056g000003hlBjAAI","2020-01-24T21:56:41.000Z","0056g000003hlBjAAI","","","","Html.Layouts.TwoColumnGrid","42620587200040948","","","","",""
"a2C6g00000026iJEAQ","0056g000003hlBjAAI","","TwoColumnGrid","2020-01-24T21:56:41.000Z","0056g000003hlBjAAI","2020-01-24T21:56:41.000Z","0056g000003hlBjAAI","","","","Html.Layouts.TwoColumnGrid","42883254986396194","","","","",""
"a2C6g00000026iKEAQ","0056g000003hlBjAAI","","TwoColumnGrid","2020-01-24T21:56:41.000Z","0056g000003hlBjAAI","2020-01-24T21:56:41.000Z","0056g000003hlBjAAI","","","","Html.Layouts.TwoColumnGrid","42269911071702418","","","","",""
"a2C6g00000026iQEAQ","0056g000003hlBjAAI","","NoLayout","2020-01-24T21:56:41.000Z","0056g000003hlBjAAI","2020-01-24T21:56:41.000Z","0056g000003hlBjAAI","","","","Html.Layouts.NoLayout","42673310533508381","","","","",""
"a2C6g00000026iREAQ","0056g000003hlBjAAI","","TableLayout","2020-01-24T21:56:41.000Z","0056g000003hlBjAAI","2020-01-24T21:56:41.000Z","0056g000003hlBjAAI","","","","Html.Layouts.TableLayout","42285658143238721","","","","",""
"a2C6g0000003StjEAE","0056g000003hlBjAAI","","NoLayout","2020-04-14T20:07:32.000Z","0056g000003hlBjAAI","2020-04-14T20:07:32.000Z","0056g000003hlBjAAI","","","","Html.Layouts.NoLayout","13911586894852225","","","","",""
"a2C6g0000003StkEAE","0056g000003hlBjAAI","","NoLayout","2020-04-14T20:07:32.000Z","0056g000003hlBjAAI","2020-04-14T20:07:32.000Z","0056g000003hlBjAAI","","","","Html.Layouts.NoLayout","94911586894852225","","","","",""
"a2C6g0000003StlEAE","0056g000003hlBjAAI","","SingleColumnGrid","2020-04-14T20:07:32.000Z","0056g000003hlBjAAI","2020-04-14T20:07:32.000Z","0056g000003hlBjAAI","","","","Html.Layouts.SingleColumnGrid","95701586894852225","","","","",""
"a2C6g0000003StmEAE","0056g000003hlBjAAI","","NoLayout","2020-04-14T20:07:32.000Z","0056g000003hlBjAAI","2020-04-14T20:07:32.000Z","0056g000003hlBjAAI","","","","Html.Layouts.NoLayout","18971586894852226","","","","",""
"a2C6g0000003StnEAE","0056g000003hlBjAAI","","TableLayout","2020-04-14T20:07:32.000Z","0056g000003hlBjAAI","2020-04-14T20:07:32.000Z","0056g000003hlBjAAI","","","","Html.Layouts.TableLayout","40141586894852226","","","","",""
"a2C6g0000003StoEAE","0056g000003hlBjAAI","","TwoColumnGrid","2020-04-14T20:07:32.000Z","0056g000003hlBjAAI","2020-04-14T20:07:32.000Z","0056g000003hlBjAAI","","","","Html.Layouts.TwoColumnGrid","75791586894852226","","","","",""
"a2C6g0000003StpEAE","0056g000003hlBjAAI","","TwoColumnGrid","2020-04-14T20:07:32.000Z","0056g000003hlBjAAI","2020-04-14T20:07:32.000Z","0056g000003hlBjAAI","","","","Html.Layouts.TwoColumnGrid","40721586894852226","","","","",""
"a2C6g0000003StqEAE","0056g000003hlBjAAI","","TwoColumnGrid","2020-04-14T20:07:32.000Z","0056g000003hlBjAAI","2020-04-14T20:07:32.000Z","0056g000003hlBjAAI","","","","Html.Layouts.TwoColumnGrid","37281586894852226","","","","",""
"a2C6g0000003StrEAE","0056g000003hlBjAAI","","TwoColumnGrid","2020-04-14T20:07:32.000Z","0056g000003hlBjAAI","2020-04-14T20:07:32.000Z","0056g000003hlBjAAI","","","","Html.Layouts.TwoColumnGrid","80211586894852226","","","","",""
"a2C6g0000003StsEAE","0056g000003hlBjAAI","","TwoColumnGrid","2020-04-14T20:07:32.000Z","0056g000003hlBjAAI","2020-04-14T20:07:32.000Z","0056g000003hlBjAAI","","","","Html.Layouts.TwoColumnGrid","79641586894852227","","","","",""
"a2C6g0000003SttEAE","0056g000003hlBjAAI","","TwoColumnGrid","2020-04-14T20:07:32.000Z","0056g000003hlBjAAI","2020-04-14T20:07:32.000Z","0056g000003hlBjAAI","","","","Html.Layouts.TwoColumnGrid","89431586894852227","","","","",""
"a2C6g0000003StuEAE","0056g000003hlBjAAI","","TwoColumnGrid","2020-04-14T20:07:32.000Z","0056g000003hlBjAAI","2020-04-14T20:07:32.000Z","0056g000003hlBjAAI","","","","Html.Layouts.TwoColumnGrid","34961586894852227","","","","",""
"a2C6g0000003StvEAE","0056g000003hlBjAAI","","TwoColumnGrid","2020-04-14T20:07:32.000Z","0056g000003hlBjAAI","2020-04-14T20:07:32.000Z","0056g000003hlBjAAI","","","","Html.Layouts.TwoColumnGrid","13031586894852227","","","","",""
"a2C6g0000003StwEAE","0056g000003hlBjAAI","","TwoColumnGrid","2020-04-14T20:07:32.000Z","0056g000003hlBjAAI","2020-04-14T20:07:32.000Z","0056g000003hlBjAAI","","","","Html.Layouts.TwoColumnGrid","64791586894852227","","","","",""
"a2C6g0000003StxEAE","0056g000003hlBjAAI","","TwoColumnGrid","2020-04-14T20:07:32.000Z","0056g000003hlBjAAI","2020-04-14T20:07:32.000Z","0056g000003hlBjAAI","","","","Html.Layouts.TwoColumnGrid","74761586894852227","","","","",""
"a2C6g0000003StyEAE","0056g000003hlBjAAI","","NoLayout","2020-04-14T20:07:32.000Z","0056g000003hlBjAAI","2020-04-14T20:07:32.000Z","0056g000003hlBjAAI","","","","Html.Layouts.NoLayout","03201586894852228","","","","",""
"a2C6g0000003StzEAE","0056g000003hlBjAAI","","TableLayout","2020-04-14T20:07:32.000Z","0056g000003hlBjAAI","2020-04-14T20:07:32.000Z","0056g000003hlBjAAI","","","","Html.Layouts.TableLayout","87921586894852228","","","","",""
"a2C6g0000003Su0EAE","0056g000003hlBjAAI","","NoLayout","2020-04-14T20:07:32.000Z","0056g000003hlBjAAI","2020-04-14T20:07:32.000Z","0056g000003hlBjAAI","","","","Html.Layouts.NoLayout","69271586894852228","","","","",""
"a2C6g0000003Su1EAE","0056g000003hlBjAAI","","TableLayout","2020-04-14T20:07:32.000Z","0056g000003hlBjAAI","2020-04-14T20:07:32.000Z","0056g000003hlBjAAI","","","","Html.Layouts.TableLayout","70601586894852228","","","","",""
"a2C6g0000003Su2EAE","0056g000003hlBjAAI","","NoLayout","2020-04-14T20:10:14.000Z","0056g000003hlBjAAI","2020-04-14T20:10:14.000Z","0056g000003hlBjAAI","","","","Html.Layouts.NoLayout","29681586895014819","","","","",""
"a2C6g0000003Su3EAE","0056g000003hlBjAAI","","NoLayout","2020-04-14T20:10:14.000Z","0056g000003hlBjAAI","2020-04-14T20:10:14.000Z","0056g000003hlBjAAI","","","","Html.Layouts.NoLayout","25941586895014820","","","","",""
"a2C6g0000003Su4EAE","0056g000003hlBjAAI","","TableLayout","2020-04-14T20:10:14.000Z","0056g000003hlBjAAI","2020-04-14T20:10:14.000Z","0056g000003hlBjAAI","","","","Html.Layouts.TableLayout","61801586895014820","","","","",""
"a2C6g0000003Su5EAE","0056g000003hlBjAAI","","TwoColumnGrid","2020-04-14T20:10:14.000Z","0056g000003hlBjAAI","2020-04-14T20:10:14.000Z","0056g000003hlBjAAI","","","","Html.Layouts.TwoColumnGrid","66741586895014820","","","","",""
"a2C6g0000003SwGEAU","0056g000003hlBjAAI","","NoLayout","2020-04-15T21:37:09.000Z","0056g000003hlBjAAI","2020-04-15T21:37:09.000Z","0056g000003hlBjAAI","","","","Html.Layouts.NoLayout","55241586986629954","","","","",""
"a2C6g0000003SwHEAU","0056g000003hlBjAAI","","TwoColumnGrid","2020-04-15T21:37:09.000Z","0056g000003hlBjAAI","2020-04-15T21:37:09.000Z","0056g000003hlBjAAI","","","","Html.Layouts.TwoColumnGrid","23981586986629954","","","","",""
