"Id","OwnerId","IsDeleted","Name","CreatedDate","CreatedById","LastModifiedDate","LastModifiedById","SystemModstamp","LastActivityDate","LastViewedDate","LastReferencedDate","ConnectionReceivedId","ConnectionSentId","nFORCE__Disable_Print__c","nFORCE__Show_Link_To_Context_Object__c","nFORCE__lookupKey__c","wmx_module__c","nPortal__Add_Multi_Record_Display_Icon__c","nPortal__Maximum_Number_of_Records__c","nPortal__Minimum_Number_of_Records__c","nPortal__OA_Review_Multiple_Record_Entry_Label__c"
"a2G4v000001tUvbEAE","0054v00000EIZAcAAP","","Rate & Payment Structure","2021-08-30T17:51:33.000Z","0054v00000EIZAcAAP","2021-08-30T17:51:33.000Z","0054v00000EIZAcAAP","","","","","","","false","true","42291528672023562","","","","",""
"a2G4v000001tUvgEAE","0054v00000EIZAcAAP","","All Loans","2021-08-30T17:55:26.000Z","0054v00000EIZAcAAP","2021-08-30T17:55:26.000Z","0054v00000EIZAcAAP","","","","","","","false","true","rcaui-42343217905","","","","",""
"a2G4v000001tUvhEAE","0054v00000EIZAcAAP","","Credit Actionable Loans","2021-08-30T17:55:27.000Z","0054v00000EIZAcAAP","2021-08-30T17:55:27.000Z","0054v00000EIZAcAAP","","","","","","","false","true","rcaui-42973471724","","","","",""
"a2G4v000001tUviEAE","0054v00000EIZAcAAP","","Credit Actions","2021-08-30T17:55:27.000Z","0054v00000EIZAcAAP","2021-08-30T17:55:27.000Z","0054v00000EIZAcAAP","","","","","","","false","true","rcaui-42541792747","","","","",""
"a2G4v000001tUvjEAE","0054v00000EIZAcAAP","","Short Term Extensions","2021-08-30T17:55:27.000Z","0054v00000EIZAcAAP","2021-08-30T17:55:27.000Z","0054v00000EIZAcAAP","","","","","","","false","true","rcaui-42828822261","","","","",""
"a2G4v000001xrRJEAY","0054v00000EIhfJAAT","","ReviewSubmitLoan","2021-05-12T13:17:38.000Z","0054v00000EIhfJAAT","2021-05-12T13:17:38.000Z","0054v00000EIhfJAAT","","","","","","","false","false","290D2643_6435_4A36_9C17_28210B2E7758","","","","",""
"a2G4v000001xrRKEAY","0054v00000EIhfJAAT","","ReviewSubmitDeposit","2021-05-12T13:17:39.000Z","0054v00000EIhfJAAT","2021-05-12T13:17:39.000Z","0054v00000EIhfJAAT","","","","","","","false","false","683C0B70_2350_4112_B73E_494E1B0E266E","","","","",""
"a2G6g000000kCs5EAE","0056g000003hlBjAAI","","Counterparty Report Topbar","2020-01-24T21:56:41.000Z","0056g000003hlBjAAI","2020-01-24T21:56:41.000Z","0056g000003hlBjAAI","","","","","","","false","true","42851832252859441","","","","",""
"a2G6g000000kCs6EAE","0056g000003hlBjAAI","","Treasury Service Maintenance","2020-01-24T21:56:41.000Z","0056g000003hlBjAAI","2020-01-24T21:56:41.000Z","0056g000003hlBjAAI","","","","","","","false","true","42992811933823016","","","","",""
"a2G6g000000kCs7EAE","0056g000003hlBjAAI","","Available Screen Sections","2020-01-24T21:56:41.000Z","0056g000003hlBjAAI","2020-01-24T21:56:41.000Z","0056g000003hlBjAAI","","","","","","","false","true","42518046726897075","","","","",""
"a2G6g000000kCs8EAE","0056g000003hlBjAAI","","Available Screen Sections","2020-01-24T21:56:41.000Z","0056g000003hlBjAAI","2020-01-24T21:56:41.000Z","0056g000003hlBjAAI","","","","","","","false","true","42026428621205577","","","","",""
"a2G6g000000kCs9EAE","0056g000003hlBjAAI","","Available Screen Sections","2020-01-24T21:56:41.000Z","0056g000003hlBjAAI","2020-01-24T21:56:41.000Z","0056g000003hlBjAAI","","","","","","","false","true","42668947043259055","","","","",""
"a2G6g000000kCsAEAU","0056g000003hlI2AAI","","nCino UI Configuration Builder","2020-01-24T21:56:41.000Z","0056g000003hlI2AAI","2020-01-24T21:56:41.000Z","0056g000003hlI2AAI","","","","","","","false","true","42311862257375707","","","","",""
"a2G6g000000kCsBEAU","0056g000003hlBjAAI","","Collateral Summary","2020-01-24T21:56:41.000Z","0056g000003hlBjAAI","2021-04-15T18:06:22.000Z","0054v00000EIZAcAAP","","","","","","","false","true","a2G6g000000kCsBEAU","","","","",""
"a2G6g000000kCsCEAU","0056g000003hlBjAAI","","Collateral Details","2020-01-24T21:56:41.000Z","0056g000003hlBjAAI","2021-04-15T18:06:22.000Z","0054v00000EIZAcAAP","","","","","","","false","true","a2G6g000000kCsCEAU","","","","",""
"a2G6g000000kCsDEAU","0056g000003hlBjAAI","","Certifications","2020-01-24T21:56:41.000Z","0056g000003hlBjAAI","2020-04-14T20:06:37.000Z","0056g000003hlBjAAI","","","","","","","false","true","80701586894797139","","","","",""
"a2G6g000000kCsEEAU","0056g000003hlBjAAI","","Total Exposure Screen","2020-01-24T21:56:41.000Z","0056g000003hlBjAAI","2020-01-24T21:56:41.000Z","0056g000003hlBjAAI","","","","","","","false","true","42278923698642823","","","","",""
"a2G6g000000kCsFEAU","0056g000003hlBjAAI","","Participation","2020-01-24T21:56:41.000Z","0056g000003hlBjAAI","2020-01-24T21:56:41.000Z","0056g000003hlBjAAI","","","","","","","false","true","42255938324133066","","","","",""
"a2G6g000000kCsGEAU","0056g000003hlBjAAI","","Syndications Summary","2020-01-24T21:56:41.000Z","0056g000003hlBjAAI","2020-01-24T21:56:41.000Z","0056g000003hlBjAAI","","","","","","","false","true","42254700713997327","","","","",""
"a2G6g000000kCsHEAU","0056g000003hlBjAAI","","Counterparty Report","2020-01-24T21:56:41.000Z","0056g000003hlBjAAI","2020-01-24T21:56:41.000Z","0056g000003hlBjAAI","","","","","","","false","true","42582982089307696","","","","",""
"a2G6g000000kCsIEAU","0056g000003hlBjAAI","","Total Exposure","2020-01-24T21:56:41.000Z","0056g000003hlBjAAI","2020-01-24T21:56:41.000Z","0056g000003hlBjAAI","","","","","","","false","true","42159428573333161","","","","",""
"a2G6g000000kCsJEAU","0056g000003hlBjAAI","","Loan Details","2020-01-24T21:56:41.000Z","0056g000003hlBjAAI","2020-01-24T21:56:41.000Z","0056g000003hlBjAAI","","","","","","","false","true","42477760115293706","","","","",""
"a2G6g000000kCsKEAU","0056g000003hlBjAAI","","Pricing","2020-01-24T21:56:41.000Z","0056g000003hlBjAAI","2020-01-24T21:56:41.000Z","0056g000003hlBjAAI","","","","","","","false","true","42603748046132357","","","","",""
"a2G6g000000kCsLEAU","0056g000003hlBjAAI","","Rate Structure","2020-01-24T21:56:41.000Z","0056g000003hlBjAAI","2020-01-24T21:56:41.000Z","0056g000003hlBjAAI","","","","","","","false","true","42306104470834702","","","","",""
"a2G6g000000kCsMEAU","0056g000003hlBjAAI","","Payment Structure","2020-01-24T21:56:41.000Z","0056g000003hlBjAAI","2020-01-24T21:56:41.000Z","0056g000003hlBjAAI","","","","","","","false","true","42845770103705580","","","","",""
"a2G6g000000kCsNEAU","0056g000003hlBjAAI","","Referral","2020-01-24T21:56:41.000Z","0056g000003hlBjAAI","2020-01-24T21:56:41.000Z","0056g000003hlBjAAI","","","","","","","false","true","42410404119994869","","","","",""
"a2G6g000000kCsOEAU","0056g000003hlBjAAI","","Balance Details","2020-01-24T21:56:41.000Z","0056g000003hlBjAAI","2020-01-24T21:56:41.000Z","0056g000003hlBjAAI","","","","","","","false","true","42506447999100246","","","","",""
"a2G6g000000kCsPEAU","0056g000003hlBjAAI","","Booked Details","2020-01-24T21:56:41.000Z","0056g000003hlBjAAI","2020-01-24T21:56:41.000Z","0056g000003hlBjAAI","","","","","","","false","true","42226870141912786","","","","",""
"a2G6g000000kCsQEAU","0056g000003hlBjAAI","","Borrowing Structure Information","2020-01-24T21:56:41.000Z","0056g000003hlBjAAI","2020-01-24T21:56:41.000Z","0056g000003hlBjAAI","","","","","","","false","true","42342881603800273","","","","",""
"a2G6g000000kCsREAU","0056g000003hlBjAAI","","CRA Screen","2020-01-24T21:56:41.000Z","0056g000003hlBjAAI","2020-01-24T21:56:41.000Z","0056g000003hlBjAAI","","","","","","","false","true","42768158053098535","","","","",""
"a2G6g000000kCsSEAU","0056g000003hlBjAAI","","HMDA Screen 1","2020-01-24T21:56:41.000Z","0056g000003hlBjAAI","2020-01-24T21:56:41.000Z","0056g000003hlBjAAI","","","","","","","false","true","42870475258935934","","","","",""
"a2G6g000000kCsTEAU","0056g000003hlBjAAI","","Entity Compliance Screen","2020-01-24T21:56:41.000Z","0056g000003hlBjAAI","2020-01-24T21:56:41.000Z","0056g000003hlBjAAI","","","","","","","false","true","42346461972245017","","","","",""
"a2G6g000000kCsUEAU","0056g000003hlBjAAI","","Loan Compliance Screen","2020-01-24T21:56:41.000Z","0056g000003hlBjAAI","2020-01-24T21:56:41.000Z","0056g000003hlBjAAI","","","","","","","false","true","42366262690465820","","","","",""
"a2G6g000000kCsVEAU","0056g000003hlBjAAI","","Entity Compliance Screen","2020-01-24T21:56:41.000Z","0056g000003hlBjAAI","2020-01-24T21:56:41.000Z","0056g000003hlBjAAI","","","","","","","false","true","42359232390869881","","","","",""
"a2G6g000000kCsWEAU","0056g000003hlBjAAI","","Loan Compliance Screen","2020-01-24T21:56:41.000Z","0056g000003hlBjAAI","2020-01-24T21:56:41.000Z","0056g000003hlBjAAI","","","","","","","false","true","42832806785932622","","","","",""
"a2G6g000000kCsXEAU","0056g000003hlBjAAI","","Change Memo","2020-01-24T21:56:41.000Z","0056g000003hlBjAAI","2020-01-24T21:56:41.000Z","0056g000003hlBjAAI","","","","","","","false","true","42432836327202375","","","","",""
"a2G6g000000kCsZEAU","0056g000003hlBjAAI","","Enhanced Fees Management","2020-01-24T21:56:41.000Z","0056g000003hlBjAAI","2020-01-24T21:56:41.000Z","0056g000003hlBjAAI","","","","","","","false","true","42519280233404703","","","","",""
"a2G6g000000kCsaEAE","0056g000003hlBjAAI","","Team Members","2020-01-24T21:56:41.000Z","0056g000003hlBjAAI","2020-01-24T21:56:41.000Z","0056g000003hlBjAAI","","","","","","","false","true","42296036791553577","","","","",""
"a2G6g000000kCsbEAE","0056g000003hlBjAAI","","Manage Bill Points","2020-01-24T21:56:41.000Z","0056g000003hlBjAAI","2020-01-24T21:56:41.000Z","0056g000003hlBjAAI","","","","","","","false","true","42238686668345765","","","","",""
"a2G6g000000kCscEAE","0056g000003hlBjAAI","","Loan Compliance Screen","2020-01-24T21:56:41.000Z","0056g000003hlBjAAI","2020-01-24T21:56:41.000Z","0056g000003hlBjAAI","","","","","","","false","true","42154138192718696","","","","",""
"a2G6g000000kCsdEAE","0056g000003hlBjAAI","","Product Package Collateral2","2020-01-24T21:56:41.000Z","0056g000003hlBjAAI","2020-01-24T21:56:41.000Z","0056g000003hlBjAAI","","","","","","","false","true","42456617561636458","","","","",""
"a2G6g000000kCseEAE","0056g000003hlBjAAI","","pp-tn-review-detail","2020-01-24T21:56:41.000Z","0056g000003hlBjAAI","2020-01-24T21:56:41.000Z","0056g000003hlBjAAI","","","","","","","false","true","42265516270396018","","","","",""
"a2G6g000000kCsfEAE","0056g000003hlBjAAI","","Proforma Options","2020-01-24T21:56:41.000Z","0056g000003hlBjAAI","2020-01-24T21:56:41.000Z","0056g000003hlBjAAI","","","","","","","false","true","42127455761752627","","","","",""
"a2G6g000000kCsgEAE","0056g000003hlHbAAI","","Application Details","2020-01-24T21:56:41.000Z","0056g000003hlHbAAI","2020-01-24T21:56:41.000Z","0056g000003hlHbAAI","","","","","","","false","true","42659629105416955","","","","",""
"a2G6g000000kCshEAE","0056g000003hlHbAAI","","Underwriting Details","2020-01-24T21:56:41.000Z","0056g000003hlHbAAI","2020-01-24T21:56:41.000Z","0056g000003hlHbAAI","","","","","","","false","true","42520577919445796","","","","",""
"a2G6g000000kCsiEAE","0056g000003hlBjAAI","","Collateral2","2020-01-24T21:56:41.000Z","0056g000003hlBjAAI","2020-01-24T21:56:41.000Z","0056g000003hlBjAAI","","","","","","","false","true","42716660961482717","","","","",""
"a2G6g000000kCsjEAE","0056g000003hlHbAAI","","Underwriting Details","2020-01-24T21:56:41.000Z","0056g000003hlHbAAI","2020-01-24T21:56:41.000Z","0056g000003hlHbAAI","","","","","","","false","true","42983688617809083","","","","",""
"a2G6g000000kCskEAE","0056g000003hlHbAAI","","Application Details","2020-01-24T21:56:41.000Z","0056g000003hlHbAAI","2020-01-24T21:56:41.000Z","0056g000003hlHbAAI","","","","","","","false","true","42393241259581911","","","","",""
"a2G6g000000kCslEAE","0056g000003hlHbAAI","","Underwriting Details","2020-01-24T21:56:41.000Z","0056g000003hlHbAAI","2020-01-24T21:56:41.000Z","0056g000003hlHbAAI","","","","","","","false","true","42866893089137191","","","","",""
"a2G6g000000kCsmEAE","0056g000003hlHbAAI","","Application Details","2020-01-24T21:56:41.000Z","0056g000003hlHbAAI","2020-01-24T21:56:41.000Z","0056g000003hlHbAAI","","","","","","","false","true","42607933161237870","","","","",""
"a2G6g000000kCsnEAE","0056g000003hlHbAAI","","Underwriting Details","2020-01-24T21:56:41.000Z","0056g000003hlHbAAI","2020-01-24T21:56:41.000Z","0056g000003hlHbAAI","","","","","","","false","true","42755114587290036","","","","",""
"a2G6g000000kCsoEAE","0056g000003hlHbAAI","","Application Details","2020-01-24T21:56:41.000Z","0056g000003hlHbAAI","2020-01-24T21:56:41.000Z","0056g000003hlHbAAI","","","","","","","false","true","42286887929986442","","","","",""
"a2G6g000000kCspEAE","0056g000003hlHbAAI","","Underwriting Details","2020-01-24T21:56:41.000Z","0056g000003hlHbAAI","2020-01-24T21:56:41.000Z","0056g000003hlHbAAI","","","","","","","false","true","42204392997691879","","","","",""
"a2G6g000000kCsqEAE","0056g000003hlHbAAI","","Third Party Management","2020-01-24T21:56:41.000Z","0056g000003hlHbAAI","2020-01-24T21:56:41.000Z","0056g000003hlHbAAI","","","","","","","false","true","42411851997942573","","","","",""
"a2G6g000000kCsrEAE","0056g000003hlBjAAI","","Loan Details-Retail","2020-01-24T21:56:41.000Z","0056g000003hlBjAAI","2020-01-24T21:56:41.000Z","0056g000003hlBjAAI","","","","","","","false","true","623454651543256","","","","",""
"a2G6g000000kCssEAE","0056g000003hlBjAAI","","Borrowing Structure Information","2020-01-24T21:56:41.000Z","0056g000003hlBjAAI","2020-01-24T21:56:41.000Z","0056g000003hlBjAAI","","","","","","","false","true","02551560278745076","","","","",""
"a2G6g000000kCstEAE","0056g000003hlHbAAI","","Underwriting Details","2020-01-24T21:56:41.000Z","0056g000003hlHbAAI","2020-01-24T21:56:41.000Z","0056g000003hlHbAAI","","","","","","","false","true","42281206255813701","","","","",""
"a2G6g000000kCsuEAE","0056g000003hlHbAAI","","Application Details","2020-01-24T21:56:41.000Z","0056g000003hlHbAAI","2020-01-24T21:56:41.000Z","0056g000003hlHbAAI","","","","","","","false","true","42416387574958178","","","","",""
"a2G6g000000kCsvEAE","0056g000003hlHbAAI","","Application Details","2020-01-24T21:56:41.000Z","0056g000003hlHbAAI","2020-01-24T21:56:41.000Z","0056g000003hlHbAAI","","","","","","","false","true","42614756889733027","","","","",""
"a2G6g000000kCswEAE","0056g000003hlHbAAI","","Underwriting Details","2020-01-24T21:56:41.000Z","0056g000003hlHbAAI","2020-01-24T21:56:41.000Z","0056g000003hlHbAAI","","","","","","","false","true","42306617109093353","","","","",""
"a2G6g000000kCsxEAE","0056g000003hlBjAAI","","Change Memo","2020-01-24T21:56:41.000Z","0056g000003hlBjAAI","2020-01-24T21:56:41.000Z","0056g000003hlBjAAI","","","","","","","false","true","60941560278867078","","","","",""
"a2G6g000000kCsyEAE","0056g000003hlBjAAI","","Fees Summary","2020-01-24T21:56:41.000Z","0056g000003hlBjAAI","2020-01-24T21:56:41.000Z","0056g000003hlBjAAI","","","","","","","false","true","46241560278867078","","","","",""
"a2G6g000000kCszEAE","0056g000003hlBjAAI","","Loan Details-Retail","2020-01-24T21:56:41.000Z","0056g000003hlBjAAI","2020-01-24T21:56:41.000Z","0056g000003hlBjAAI","","","","","","","false","true","71341560278867078","","","","",""
"a2G6g000000kCt0EAE","0056g000003hlBjAAI","","Borrowing Structure Information","2020-01-24T21:56:41.000Z","0056g000003hlBjAAI","2020-01-24T21:56:41.000Z","0056g000003hlBjAAI","","","","","","","false","true","52691560278867079","","","","",""
"a2G6g000000kCt1EAE","0056g000003hlBjAAI","","Collateral2","2020-01-24T21:56:41.000Z","0056g000003hlBjAAI","2020-01-24T21:56:41.000Z","0056g000003hlBjAAI","","","","","","","false","true","32281560278867079","","","","",""
"a2G6g000000kCt2EAE","0056g000003hlHbAAI","","Underwriting Details","2020-01-24T21:56:41.000Z","0056g000003hlBjAAI","2020-01-24T21:56:41.000Z","0056g000003hlBjAAI","","","","","","","false","true","03471560278867077","","","","",""
"a2G6g000000kCt3EAE","0056g000003hlBjAAI","","Fees","2020-01-24T21:56:41.000Z","0056g000003hlBjAAI","2020-01-24T21:56:41.000Z","0056g000003hlBjAAI","","","","","","","false","true","86811560278867079","","","","",""
"a2G6g000000kCt4EAE","0056g000003hlBjAAI","","Application Details-Retail","2020-01-24T21:56:41.000Z","0056g000003hlBjAAI","2020-01-24T21:56:41.000Z","0056g000003hlBjAAI","","","","","","","false","true","6325647853262563245","","","","",""
"a2G6g000000kCt5EAE","0056g000003hlBjAAI","","Total Exposure Screen","2020-01-24T21:56:41.000Z","0056g000003hlBjAAI","2020-01-24T21:56:41.000Z","0056g000003hlBjAAI","","","","","","","false","true","20091562008947218","","","","",""
"a2G6g000000kCt6EAE","0056g000003hlBjAAI","","Loan Products","2020-01-24T21:56:41.000Z","0056g000003hlBjAAI","2020-01-24T21:56:41.000Z","0056g000003hlBjAAI","","","","","","","false","true","48781562008947219","","","","",""
"a2G6g000000kCt7EAE","0056g000003hlBjAAI","","Deposit Products","2020-01-24T21:56:41.000Z","0056g000003hlBjAAI","2020-01-24T21:56:41.000Z","0056g000003hlBjAAI","","","","","","","false","true","86701562008947219","","","","",""
"a2G6g000000kCt8EAE","0056g000003hlBjAAI","","Secured SBL Eligibility","2020-01-24T21:56:41.000Z","0056g000003hlBjAAI","2020-01-24T21:56:41.000Z","0056g000003hlBjAAI","","","","","","","false","true","42415980332756543","","","","",""
"a2G6g000000kCt9EAE","0056g000003hlBjAAI","","Secured SBL Business Info","2020-01-24T21:56:41.000Z","0056g000003hlBjAAI","2020-01-24T21:56:41.000Z","0056g000003hlBjAAI","","","","","","","false","true","42509691136301749","","","","",""
"a2G6g000000kCtAEAU","0056g000003hlBjAAI","","SBL Personal","2020-01-24T21:56:41.000Z","0056g000003hlBjAAI","2020-01-24T21:56:41.000Z","0056g000003hlBjAAI","","","","","","","false","true","42692911532156791","","","","",""
"a2G6g000000kCtBEAU","0056g000003hlBjAAI","","Secured SBL Personal (Individual Other Involved)","2020-01-24T21:56:41.000Z","0056g000003hlBjAAI","2020-01-24T21:56:41.000Z","0056g000003hlBjAAI","","","","","","","false","true","42113928704115288","","","","",""
"a2G6g000000kCtCEAU","0056g000003hlBjAAI","","SBL Eligibility","2020-01-24T21:56:41.000Z","0056g000003hlBjAAI","2020-01-24T21:56:41.000Z","0056g000003hlBjAAI","","","","","","","false","true","42636216486699414","","","","",""
"a2G6g000000kCtDEAU","0056g000003hlBjAAI","","SBL Business Info","2020-01-24T21:56:41.000Z","0056g000003hlBjAAI","2020-01-24T21:56:41.000Z","0056g000003hlBjAAI","","","","","","","false","true","42981961269080453","","","","",""
"a2G6g000000kCtEEAU","0056g000003hlBjAAI","","SBL Personal (Individual Other Involved)","2020-01-24T21:56:41.000Z","0056g000003hlBjAAI","2020-01-24T21:56:41.000Z","0056g000003hlBjAAI","","","","","","","false","true","42395526772715632","","","","",""
"a2G6g000000kCtFEAU","0056g000003hlBjAAI","","Pricing Required Fields","2020-01-24T21:56:41.000Z","0056g000003hlBjAAI","2020-01-24T21:56:41.000Z","0056g000003hlBjAAI","","","","","","","false","true","pricingrequiredfields","","","","",""
"a2G6g000000kCtGEAU","0056g000003hlBjAAI","","Product Package Collateral2","2020-01-24T21:56:41.000Z","0056g000003hlBjAAI","2020-01-24T21:56:41.000Z","0056g000003hlBjAAI","","","","","","","false","true","75041563816286566","","","","",""
"a2G6g000000kCtHEAU","0056g000003hlBjAAI","","Available One to Many Screen Sections","2020-01-24T21:56:41.000Z","0056g000003hlBjAAI","2020-01-24T21:56:41.000Z","0056g000003hlBjAAI","","","","","","","false","true","429446046658847391","","","","",""
"a2G6g000000kCtIEAU","0056g000003hlBjAAI","","Product Summary","2020-01-24T21:56:41.000Z","0056g000003hlBjAAI","2020-01-24T21:56:41.000Z","0056g000003hlBjAAI","","","","","","","false","true","05641567002571747","","","","",""
"a2G6g000000kCtJEAU","0056g000003hlBjAAI","","Treasury Service Details","2020-01-24T21:56:41.000Z","0056g000003hlBjAAI","2020-01-24T21:56:41.000Z","0056g000003hlBjAAI","","","","","","","false","true","62851567002571747","","","","",""
"a2G6g000000kCtKEAU","0056g000003hlBjAAI","","Key Dates - Editable","2020-01-24T21:56:41.000Z","0056g000003hlBjAAI","2021-04-15T18:05:51.000Z","0054v00000EIZAcAAP","","","","","","","false","true","a2G6g000000kCtKEAU","","","","",""
"a2G6g000000kCtLEAU","0056g000003hlBjAAI","","Key Dates - Read Only","2020-01-24T21:56:41.000Z","0056g000003hlBjAAI","2021-04-15T18:05:51.000Z","0054v00000EIZAcAAP","","","","","","","false","true","a2G6g000000kCtLEAU","","","","",""
"a2G6g000000kCtMEAU","0056g000003hlBjAAI","","Loan Products","2020-01-24T21:56:41.000Z","0056g000003hlBjAAI","2020-01-24T21:56:41.000Z","0056g000003hlBjAAI","","","","","","","false","true","42264506634750293","","","","",""
"a2G6g000000kCtNEAU","0056g000003hlBjAAI","","Rate Structure","2020-01-24T21:56:41.000Z","0056g000003hlBjAAI","2020-01-24T21:56:41.000Z","0056g000003hlBjAAI","","","","","","","false","true","42558854118324394","","","","",""
"a2G6g000000kCtOEAU","0056g000003hlBjAAI","","Payment Structure","2020-01-24T21:56:41.000Z","0056g000003hlBjAAI","2020-01-24T21:56:41.000Z","0056g000003hlBjAAI","","","","","","","false","true","42448651673900408","","","","",""
"a2G6g000000kCtPEAU","0056g000003hlBjAAI","","Risk Rating","2020-01-24T21:56:41.000Z","0056g000003hlBjAAI","2020-01-24T21:56:41.000Z","0056g000003hlBjAAI","","","","","","","false","true","42672158236792769","","","","",""
"a2G6g000000kCtQEAU","0056g000003hlBjAAI","","Change Memo","2020-01-24T21:56:41.000Z","0056g000003hlBjAAI","2020-01-24T21:56:41.000Z","0056g000003hlBjAAI","","","","","","","false","true","42768254162527564","","","","",""
"a2G6g000000kCtREAU","0056g000003hlBjAAI","","Fees Summary","2020-01-24T21:56:41.000Z","0056g000003hlBjAAI","2020-01-24T21:56:41.000Z","0056g000003hlBjAAI","","","","","","","false","true","42839732363377241","","","","",""
"a2G6g000000kCtSEAU","0056g000003hlBjAAI","","Team Members","2020-01-24T21:56:41.000Z","0056g000003hlBjAAI","2020-01-24T21:56:41.000Z","0056g000003hlBjAAI","","","","","","","false","true","42099974757861510","","","","",""
"a2G6g000000kCtTEAU","0056g000003hlBjAAI","","Details","2020-01-24T21:56:41.000Z","0056g000003hlBjAAI","2020-01-24T21:56:41.000Z","0056g000003hlBjAAI","","","","","","","false","true","42101974202872765","","","","",""
"a2G6g000000kCtUEAU","0056g000003hlBjAAI","","Details","2020-01-24T21:56:41.000Z","0056g000003hlBjAAI","2020-01-24T21:56:41.000Z","0056g000003hlBjAAI","","","","","","","false","true","42754538931621755","","","","",""
"a2G6g000000kCtVEAU","0056g000003hlBjAAI","","Details","2020-01-24T21:56:41.000Z","0056g000003hlBjAAI","2020-01-24T21:56:41.000Z","0056g000003hlBjAAI","","","","","","","false","true","42083286394967946","","","","",""
"a2G6g000000kCtWEAU","0056g000003hlBjAAI","","Details","2020-01-24T21:56:41.000Z","0056g000003hlBjAAI","2020-01-24T21:56:41.000Z","0056g000003hlBjAAI","","","","","","","false","true","42206232254498796","","","","",""
"a2G6g000000kCtXEAU","0056g000003hlBjAAI","","Beneficiary","2020-01-24T21:56:41.000Z","0056g000003hlBjAAI","2020-01-24T21:56:41.000Z","0056g000003hlBjAAI","","","","","","","false","true","42856498406131349","","","","",""
"a2G6g000000kCtaEAE","0056g000003hlBjAAI","","Collateral Pledged","2020-01-24T21:56:41.000Z","0056g000003hlBjAAI","2021-04-15T18:05:52.000Z","0054v00000EIZAcAAP","","","","","","","false","true","a2G6g000000kCtaEAE","","","","",""
"a2G6g000000kCtbEAE","0056g000003hlBjAAI","","Collateral Value","2020-01-24T21:56:41.000Z","0056g000003hlBjAAI","2021-04-15T18:05:53.000Z","0054v00000EIZAcAAP","","","","","","","false","true","a2G6g000000kCtbEAE","","","","",""
"a2G6g000000kCteEAE","0056g000003hlBjAAI","","Fees Approved","2020-01-24T21:56:41.000Z","0056g000003hlBjAAI","2020-04-14T20:06:37.000Z","0056g000003hlBjAAI","","","","","","","false","true","88071586894797139","","","","",""
"a2G6g000000kCtfEAE","0056g000003hlBjAAI","","Key Dates","2020-01-24T21:56:41.000Z","0056g000003hlBjAAI","2021-04-15T18:05:54.000Z","0054v00000EIZAcAAP","","","","","","","false","true","a2G6g000000kCtfEAE","","","","",""
"a2G6g000000kCtgEAE","0056g000003hlBjAAI","","Post Closing Review","2020-01-24T21:56:41.000Z","0056g000003hlBjAAI","2021-04-15T18:05:54.000Z","0054v00000EIZAcAAP","","","","","","","false","true","a2G6g000000kCtgEAE","","","","",""
"a2G6g000000kCtkEAE","0056g000003hlBjAAI","","Third Party Reports","2020-01-24T21:56:41.000Z","0056g000003hlBjAAI","2020-04-14T20:06:37.000Z","0056g000003hlBjAAI","","","","","","","false","true","67481586894797139","","","","",""
"a2G6g000000kCtnEAE","0056g000003hlBjAAI","","Approved Details","2020-01-24T21:56:41.000Z","0056g000003hlBjAAI","2020-04-14T20:06:37.000Z","0056g000003hlBjAAI","","","","","","","false","true","87791586894797139","","","","",""
"a2G6g000000kCtrEAE","0056g000003hlBjAAI","","Fees","2020-01-24T21:56:41.000Z","0056g000003hlBjAAI","2021-04-15T18:06:00.000Z","0054v00000EIZAcAAP","","","","","","","false","true","a2G6g000000kCtrEAE","","","","",""
"a2G6g000000kCtsEAE","0056g000003hlBjAAI","","Participations","2020-01-24T21:56:41.000Z","0056g000003hlBjAAI","2020-04-14T20:06:37.000Z","0056g000003hlBjAAI","","","","","","","false","true","36701586894797139","","","","",""
"a2G6g000000kCttEAE","0056g000003hlBjAAI","","Loan Products","2020-01-24T21:56:41.000Z","0056g000003hlBjAAI","2020-01-24T21:56:41.000Z","0056g000003hlBjAAI","","","","","","","false","true","42567764686172869","","","","",""
"a2G6g000000kCtuEAE","0056g000003hlBjAAI","","Deposit Products","2020-01-24T21:56:41.000Z","0056g000003hlBjAAI","2020-01-24T21:56:41.000Z","0056g000003hlBjAAI","","","","","","","false","true","42464191242067167","","","","",""
"a2G6g000000kCtvEAE","0056g000003hlBjAAI","","Pricing Approved","2020-01-24T21:56:41.000Z","0056g000003hlBjAAI","2020-01-24T21:56:41.000Z","0056g000003hlBjAAI","","","","","","","false","true","42057912696598906","","","","",""
"a2G6g000000kCtwEAE","0056g000003hlBjAAI","","CRA Screen","2020-01-24T21:56:41.000Z","0056g000003hlBjAAI","2020-01-24T21:56:41.000Z","0056g000003hlBjAAI","","","","","","","false","true","42508794583138413","","","","",""
"a2G6g000000kCtyEAE","0056g000003hlBjAAI","","Adverse Actions","2020-01-24T21:56:41.000Z","0056g000003hlBjAAI","2021-04-15T18:05:57.000Z","0054v00000EIZAcAAP","","","","","","","false","true","a2G6g000000kCtyEAE","","","","",""
"a2G6g000000kCtzEAE","0056g000003hlBjAAI","","Construction Details","2020-01-24T21:56:41.000Z","0056g000003hlBjAAI","2021-04-15T18:05:57.000Z","0054v00000EIZAcAAP","","","","","","","false","true","a2G6g000000kCtzEAE","","","","",""
"a2G6g000000kCu0EAE","0056g000003hlBjAAI","","Loan Dashboard","2020-01-24T21:56:41.000Z","0056g000003hlBjAAI","2021-04-15T18:05:58.000Z","0054v00000EIZAcAAP","","","","","","","false","true","a2G6g000000kCu0EAE","","","","",""
"a2G6g000000kCu1EAE","0056g000003hlBjAAI","","Fees","2020-01-24T21:56:41.000Z","0056g000003hlBjAAI","2020-01-24T21:56:41.000Z","0056g000003hlBjAAI","","","","","","","false","true","91971560278745076","","","","",""
"a2G6g000000kCu2EAE","0056g000003hlBjAAI","","Narrative","2020-01-24T21:56:41.000Z","0056g000003hlBjAAI","2021-04-15T18:05:58.000Z","0054v00000EIZAcAAP","","","","","","","false","true","a2G6g000000kCu2EAE","","","","",""
"a2G6g000000kCu3EAE","0056g000003hlBjAAI","","Loan Team Member Information","2020-01-24T21:56:41.000Z","0056g000003hlBjAAI","2020-04-14T20:06:37.000Z","0056g000003hlBjAAI","","","","","","","false","true","07741586894797139","","","","",""
"a2G6g000000kCu4EAE","0056g000003hlBjAAI","","Memos","2020-01-24T21:56:41.000Z","0056g000003hlBjAAI","2021-04-15T18:05:58.000Z","0054v00000EIZAcAAP","","","","","","","false","true","a2G6g000000kCu4EAE","","","","",""
"a2G6g000000kCu9EAE","0056g000003hlBjAAI","","Participations","2020-01-24T21:56:41.000Z","0056g000003hlBjAAI","2021-04-15T18:06:00.000Z","0054v00000EIZAcAAP","","","","","","","false","true","a2G6g000000kCu9EAE","","","","",""
"a2G6g000000kCuAEAU","0056g000003hlBjAAI","","Activities","2020-01-24T21:56:41.000Z","0056g000003hlBjAAI","2021-04-15T18:06:00.000Z","0054v00000EIZAcAAP","","","","","","","false","true","a2G6g000000kCuAEAU","","","","",""
"a2G6g000000kCuBEAU","0056g000003hlBjAAI","","Business Contacts","2020-01-24T21:56:41.000Z","0056g000003hlBjAAI","2021-04-15T18:06:00.000Z","0054v00000EIZAcAAP","","","","","","","false","true","a2G6g000000kCuBEAU","","","","",""
"a2G6g000000kCuCEAU","0056g000003hlBjAAI","","Collateral Owned","2020-01-24T21:56:41.000Z","0056g000003hlBjAAI","2021-04-15T18:06:01.000Z","0054v00000EIZAcAAP","","","","","","","false","true","a2G6g000000kCuCEAU","","","","",""
"a2G6g000000kCuDEAU","0056g000003hlBjAAI","","Covenants","2020-01-24T21:56:41.000Z","0056g000003hlBjAAI","2021-04-15T18:06:01.000Z","0054v00000EIZAcAAP","","","","","","","false","true","a2G6g000000kCuDEAU","","","","",""
"a2G6g000000kCuEEAU","0056g000003hlBjAAI","","Deposits","2020-01-24T21:56:41.000Z","0056g000003hlBjAAI","2021-04-15T18:06:01.000Z","0054v00000EIZAcAAP","","","","","","","false","true","a2G6g000000kCuEEAU","","","","",""
"a2G6g000000kCuFEAU","0056g000003hlBjAAI","","Overview","2020-01-24T21:56:41.000Z","0056g000003hlBjAAI","2021-04-15T18:06:02.000Z","0054v00000EIZAcAAP","","","","","","","false","true","a2G6g000000kCuFEAU","","","","",""
"a2G6g000000kCuGEAU","0056g000003hlBjAAI","","Exposure","2020-01-24T21:56:41.000Z","0056g000003hlBjAAI","2021-04-15T18:06:02.000Z","0054v00000EIZAcAAP","","","","","","","false","true","a2G6g000000kCuGEAU","","","","",""
"a2G6g000000kCuHEAU","0056g000003hlBjAAI","","Loans","2020-01-24T21:56:41.000Z","0056g000003hlBjAAI","2021-04-15T18:06:02.000Z","0054v00000EIZAcAAP","","","","","","","false","true","a2G6g000000kCuHEAU","","","","",""
"a2G6g000000kCuIEAU","0056g000003hlBjAAI","","Opportunities","2020-01-24T21:56:41.000Z","0056g000003hlBjAAI","2021-04-15T18:06:02.000Z","0054v00000EIZAcAAP","","","","","","","false","true","a2G6g000000kCuIEAU","","","","",""
"a2G6g000000kCuJEAU","0056g000003hlBjAAI","","Other Information","2020-01-24T21:56:41.000Z","0056g000003hlBjAAI","2021-04-15T18:06:03.000Z","0054v00000EIZAcAAP","","","","","","","false","true","a2G6g000000kCuJEAU","","","","",""
"a2G6g000000kCuKEAU","0056g000003hlBjAAI","","Product Packages","2020-01-24T21:56:41.000Z","0056g000003hlBjAAI","2021-04-15T18:06:03.000Z","0054v00000EIZAcAAP","","","","","","","false","true","a2G6g000000kCuKEAU","","","","",""
"a2G6g000000kCuLEAU","0056g000003hlBjAAI","","Referrals","2020-01-24T21:56:41.000Z","0056g000003hlBjAAI","2021-04-15T18:06:03.000Z","0054v00000EIZAcAAP","","","","","","","false","true","a2G6g000000kCuLEAU","","","","",""
"a2G6g000000kCuMEAU","0056g000003hlBjAAI","","Risk Rating Reviews","2020-01-24T21:56:41.000Z","0056g000003hlBjAAI","2021-04-15T18:06:04.000Z","0054v00000EIZAcAAP","","","","","","","false","true","a2G6g000000kCuMEAU","","","","",""
"a2G6g000000kCuNEAU","0056g000003hlBjAAI","","Service Requests","2020-01-24T21:56:41.000Z","0056g000003hlBjAAI","2021-04-15T18:06:04.000Z","0054v00000EIZAcAAP","","","","","","","false","true","a2G6g000000kCuNEAU","","","","",""
"a2G6g000000kCuOEAU","0056g000003hlBjAAI","","Site Visits","2020-01-24T21:56:41.000Z","0056g000003hlBjAAI","2021-04-15T18:06:04.000Z","0054v00000EIZAcAAP","","","","","","","false","true","a2G6g000000kCuOEAU","","","","",""
"a2G6g000000kCuPEAU","0056g000003hlBjAAI","","Treasury","2020-01-24T21:56:41.000Z","0056g000003hlBjAAI","2021-04-15T18:06:04.000Z","0054v00000EIZAcAAP","","","","","","","false","true","a2G6g000000kCuPEAU","","","","",""
"a2G6g000000kCuQEAU","0056g000003hlBjAAI","","Risk Ratings","2020-01-24T21:56:41.000Z","0056g000003hlBjAAI","2021-04-15T18:06:05.000Z","0054v00000EIZAcAAP","","","","","","","false","true","a2G6g000000kCuQEAU","","","","",""
"a2G6g000000kCuREAU","0056g000003hlBjAAI","","SBA Form 912","2020-01-24T21:56:41.000Z","0056g000003hlBjAAI","2021-04-15T18:06:05.000Z","0054v00000EIZAcAAP","","","","","","","false","true","a2G6g000000kCuREAU","","","","",""
"a2G6g000000kCuSEAU","0056g000003hlBjAAI","","Loan Application","2020-01-24T21:56:41.000Z","0056g000003hlBjAAI","2021-04-15T18:06:05.000Z","0054v00000EIZAcAAP","","","","","","","false","true","a2G6g000000kCuSEAU","","","","",""
"a2G6g000000kCuTEAU","0056g000003hlBjAAI","","Change of Ownership","2020-01-24T21:56:41.000Z","0056g000003hlBjAAI","2021-04-15T18:06:05.000Z","0054v00000EIZAcAAP","","","","","","","false","true","a2G6g000000kCuTEAU","","","","",""
"a2G6g000000kCuUEAU","0056g000003hlBjAAI","","SBA Form 10","2020-01-24T21:56:41.000Z","0056g000003hlBjAAI","2021-04-15T18:06:06.000Z","0054v00000EIZAcAAP","","","","","","","false","true","a2G6g000000kCuUEAU","","","","",""
"a2G6g000000kCuVEAU","0056g000003hlBjAAI","","SBA Form 159","2020-01-24T21:56:41.000Z","0056g000003hlBjAAI","2021-04-15T18:06:06.000Z","0054v00000EIZAcAAP","","","","","","","false","true","a2G6g000000kCuVEAU","","","","",""
"a2G6g000000kCuWEAU","0056g000003hlBjAAI","","SBA Form 1846","2020-01-24T21:56:41.000Z","0056g000003hlBjAAI","2021-04-15T18:06:06.000Z","0054v00000EIZAcAAP","","","","","","","false","true","a2G6g000000kCuWEAU","","","","",""
"a2G6g000000kCuXEAU","0056g000003hlBjAAI","","SBA Form 1919","2020-01-24T21:56:41.000Z","0056g000003hlBjAAI","2021-04-15T18:06:07.000Z","0054v00000EIZAcAAP","","","","","","","false","true","a2G6g000000kCuXEAU","","","","",""
"a2G6g000000kCuYEAU","0056g000003hlBjAAI","","Business Type","2020-01-24T21:56:41.000Z","0056g000003hlBjAAI","2021-04-15T18:06:07.000Z","0054v00000EIZAcAAP","","","","","","","false","true","a2G6g000000kCuYEAU","","","","",""
"a2G6g000000kCuZEAU","0056g000003hlBjAAI","","Previous SBA Loan","2020-01-24T21:56:41.000Z","0056g000003hlBjAAI","2021-04-15T18:06:07.000Z","0054v00000EIZAcAAP","","","","","","","false","true","a2G6g000000kCuZEAU","","","","",""
"a2G6g000000kCuaEAE","0056g000003hlBjAAI","","Conflict of Interest","2020-01-24T21:56:41.000Z","0056g000003hlBjAAI","2021-04-15T18:06:07.000Z","0054v00000EIZAcAAP","","","","","","","false","true","a2G6g000000kCuaEAE","","","","",""
"a2G6g000000kCubEAE","0056g000003hlBjAAI","","Primary Account","2020-01-24T21:56:41.000Z","0056g000003hlBjAAI","2021-04-15T18:06:08.000Z","0054v00000EIZAcAAP","","","","","","","false","true","a2G6g000000kCubEAE","","","","",""
"a2G6g000000kCucEAE","0056g000003hlBjAAI","","SBA Form 1920","2020-01-24T21:56:41.000Z","0056g000003hlBjAAI","2021-04-15T18:06:08.000Z","0054v00000EIZAcAAP","","","","","","","false","true","a2G6g000000kCucEAE","","","","",""
"a2G6g000000kCudEAE","0056g000003hlBjAAI","","SBA Form 1920","2020-01-24T21:56:41.000Z","0056g000003hlBjAAI","2021-04-15T18:06:08.000Z","0054v00000EIZAcAAP","","","","","","","false","true","a2G6g000000kCudEAE","","","","",""
"a2G6g000000kCueEAE","0056g000003hlBjAAI","","SBA Form 1920","2020-01-24T21:56:41.000Z","0056g000003hlBjAAI","2021-04-15T18:06:08.000Z","0054v00000EIZAcAAP","","","","","","","false","true","a2G6g000000kCueEAE","","","","",""
"a2G6g000000kCufEAE","0056g000003hlBjAAI","","SBA Form 1920","2020-01-24T21:56:41.000Z","0056g000003hlBjAAI","2021-04-15T18:06:08.000Z","0054v00000EIZAcAAP","","","","","","","false","true","a2G6g000000kCufEAE","","","","",""
"a2G6g000000kCugEAE","0056g000003hlBjAAI","","SBA Form 1920","2020-01-24T21:56:41.000Z","0056g000003hlBjAAI","2021-04-15T18:06:08.000Z","0054v00000EIZAcAAP","","","","","","","false","true","a2G6g000000kCugEAE","","","","",""
"a2G6g000000kCuhEAE","0056g000003hlBjAAI","","SBA Form 1920","2020-01-24T21:56:41.000Z","0056g000003hlBjAAI","2021-04-15T18:06:09.000Z","0054v00000EIZAcAAP","","","","","","","false","true","a2G6g000000kCuhEAE","","","","",""
"a2G6g000000kCuiEAE","0056g000003hlBjAAI","","SBA Form 1920","2020-01-24T21:56:41.000Z","0056g000003hlBjAAI","2021-04-15T18:06:09.000Z","0054v00000EIZAcAAP","","","","","","","false","true","a2G6g000000kCuiEAE","","","","",""
"a2G6g000000kCujEAE","0056g000003hlBjAAI","","Primary Account","2020-01-24T21:56:41.000Z","0056g000003hlBjAAI","2021-04-15T18:06:09.000Z","0054v00000EIZAcAAP","","","","","","","false","true","a2G6g000000kCujEAE","","","","",""
"a2G6g000000kCukEAE","0056g000003hlBjAAI","","Account Debt","2020-01-24T21:56:41.000Z","0056g000003hlBjAAI","2021-04-15T18:06:12.000Z","0054v00000EIZAcAAP","","","","","","","false","true","a2G6g000000kCukEAE","","","","",""
"a2G6g000000kCulEAE","0056g000003hlBjAAI","","SBA Form 652","2020-01-24T21:56:41.000Z","0056g000003hlBjAAI","2021-04-15T18:06:13.000Z","0054v00000EIZAcAAP","","","","","","","false","true","a2G6g000000kCulEAE","","","","",""
"a2G6g000000kCumEAE","0056g000003hlBjAAI","","SBA Form G845","2020-01-24T21:56:41.000Z","0056g000003hlBjAAI","2021-04-15T18:06:13.000Z","0054v00000EIZAcAAP","","","","","","","false","true","a2G6g000000kCumEAE","","","","",""
"a2G6g000000kCunEAE","0056g000003hlBjAAI","","Injections","2020-01-24T21:56:41.000Z","0056g000003hlBjAAI","2021-04-15T18:06:13.000Z","0054v00000EIZAcAAP","","","","","","","false","true","a2G6g000000kCunEAE","","","","",""
"a2G6g000000kCupEAE","0056g000003hlBjAAI","","Loan Information","2020-01-24T21:56:41.000Z","0056g000003hlBjAAI","2021-04-15T18:06:14.000Z","0054v00000EIZAcAAP","","","","","","","false","true","a2G6g000000kCupEAE","","","","",""
"a2G6g000000kCuqEAE","0056g000003hlBjAAI","","Pricing","2020-01-24T21:56:41.000Z","0056g000003hlBjAAI","2021-04-15T18:06:14.000Z","0054v00000EIZAcAAP","","","","","","","false","true","a2G6g000000kCuqEAE","","","","",""
"a2G6g000000kCurEAE","0056g000003hlBjAAI","","Loan Partner","2020-01-24T21:56:41.000Z","0056g000003hlBjAAI","2021-04-15T18:06:14.000Z","0054v00000EIZAcAAP","","","","","","","false","true","a2G6g000000kCurEAE","","","","",""
"a2G6g000000kCusEAE","0056g000003hlBjAAI","","Use of Proceeds","2020-01-24T21:56:41.000Z","0056g000003hlBjAAI","2021-04-15T18:06:15.000Z","0054v00000EIZAcAAP","","","","","","","false","true","a2G6g000000kCusEAE","","","","",""
"a2G6g000000kCutEAE","0056g000003hlBjAAI","","Stage History","2020-01-24T21:56:41.000Z","0056g000003hlBjAAI","2021-04-15T18:06:15.000Z","0054v00000EIZAcAAP","","","","","","","false","true","a2G6g000000kCutEAE","","","","",""
"a2G6g000000kCuuEAE","0056g000003hlBjAAI","","Product Summary","2020-01-24T21:56:41.000Z","0056g000003hlBjAAI","2020-01-24T21:56:41.000Z","0056g000003hlBjAAI","","","","","","","false","true","09911567002550278","","","","",""
"a2G6g000000kCuvEAE","0056g000003hlBjAAI","","Balance Details","2020-01-24T21:56:41.000Z","0056g000003hlBjAAI","2020-04-14T20:06:37.000Z","0056g000003hlBjAAI","","","","","","","false","true","70061586894797139","","","","",""
"a2G6g000000kCuwEAE","0056g000003hlBjAAI","","Booked Information","2020-01-24T21:56:41.000Z","0056g000003hlBjAAI","2020-04-14T20:06:37.000Z","0056g000003hlBjAAI","","","","","","","false","true","88401586894797139","","","","",""
"a2G6g000000kCuxEAE","0056g000003hlBjAAI","","CRA Screen","2020-01-24T21:56:41.000Z","0056g000003hlBjAAI","2020-04-14T20:06:37.000Z","0056g000003hlBjAAI","","","","","","","false","true","27601586894797139","","","","",""
"a2G6g000000kCuyEAE","0056g000003hlBjAAI","","Loan Dashboard Summary Screen","2020-01-24T21:56:41.000Z","0056g000003hlBjAAI","2020-04-14T20:06:37.000Z","0056g000003hlBjAAI","","","","","","","false","true","81141586894797139","","","","",""
"a2G6g000000kCuzEAE","0056g000003hlBjAAI","","HMDA Screen 1","2020-01-24T21:56:41.000Z","0056g000003hlBjAAI","2020-04-14T20:06:37.000Z","0056g000003hlBjAAI","","","","","","","false","true","59261586894797139","","","","",""
"a2G6g000000kCv0EAE","0056g000003hlBjAAI","","HMDA Screen 2","2020-01-24T21:56:41.000Z","0056g000003hlBjAAI","2021-04-15T18:06:15.000Z","0054v00000EIZAcAAP","","","","","","","false","true","a2G6g000000kCv0EAE","","","","",""
"a2G6g000000kCv1EAE","0056g000003hlBjAAI","","Loan Details","2020-01-24T21:56:41.000Z","0056g000003hlBjAAI","2020-04-14T20:06:37.000Z","0056g000003hlBjAAI","","","","","","","false","true","00731586894797139","","","","",""
"a2G6g000000kCv2EAE","0056g000003hlBjAAI","","Pricing","2020-01-24T21:56:41.000Z","0056g000003hlBjAAI","2020-04-14T20:06:37.000Z","0056g000003hlBjAAI","","","","","","","false","true","10181586894797140","","","","",""
"a2G6g000000kCv3EAE","0056g000003hlBjAAI","","Referral","2020-01-24T21:56:41.000Z","0056g000003hlBjAAI","2020-04-14T20:06:37.000Z","0056g000003hlBjAAI","","","","","","","false","true","98191586894797140","","","","",""
"a2G6g000000kCv4EAE","0056g000003hlBjAAI","","Deposit Products","2020-01-24T21:56:41.000Z","0056g000003hlBjAAI","2020-01-24T21:56:41.000Z","0056g000003hlBjAAI","","","","","","","false","true","18931562008881233","","","","",""
"a2G6g000000kCv5EAE","0056g000003hlBjAAI","","Budget Details","2020-01-24T21:56:41.000Z","0056g000003hlBjAAI","2020-01-24T21:56:41.000Z","0056g000003hlBjAAI","","","","","","","false","true","42438936865131651","","","","",""
"a2G6g000000kCv6EAE","0056g000003hlI2AAI","","System Properties","2020-01-24T21:56:41.000Z","0056g000003hlI2AAI","2020-01-24T21:56:41.000Z","0056g000003hlI2AAI","","","","","","","false","true","42283576814580241","","","","",""
"a2G6g000000kCv7EAE","0056g000003hlI2AAI","","UI Configuration Builder","2020-01-24T21:56:41.000Z","0056g000003hlI2AAI","2020-01-24T21:56:41.000Z","0056g000003hlI2AAI","","","","","","","false","true","42257423463997756","","","","",""
"a2G6g000000kCv8EAE","0056g000003hlBjAAI","","Entity Compliance Screen","2020-01-24T21:56:41.000Z","0056g000003hlBjAAI","2020-01-24T21:56:41.000Z","0056g000003hlBjAAI","","","","","","","false","true","42484621918140548","","","","",""
"a2G6g000000kCv9EAE","0056g000003hlBjAAI","","Loan Compliance Screen","2020-01-24T21:56:41.000Z","0056g000003hlBjAAI","2020-01-24T21:56:41.000Z","0056g000003hlBjAAI","","","","","","","false","true","42920140975446045","","","","",""
"a2G6g000000kCvAEAU","0056g000003hlBjAAI","","Entity Compliance Screen","2020-01-24T21:56:41.000Z","0056g000003hlBjAAI","2020-01-24T21:56:41.000Z","0056g000003hlBjAAI","","","","","","","false","true","42875195092745613","","","","",""
"a2G6g000000kCvBEAU","0056g000003hlBjAAI","","Loan Compliance Screen","2020-01-24T21:56:41.000Z","0056g000003hlBjAAI","2020-01-24T21:56:41.000Z","0056g000003hlBjAAI","","","","","","","false","true","42300854924496650","","","","",""
"a2G6g000000kCvCEAU","0056g000003hlBjAAI","","Memo Details","2020-01-24T21:56:41.000Z","0056g000003hlBjAAI","2020-01-24T21:56:41.000Z","0056g000003hlBjAAI","","","","","","","false","true","42453478693303001","","","","",""
"a2G6g000000kCvDEAU","0056g000003hlBjAAI","","Package Details","2020-01-24T21:56:41.000Z","0056g000003hlBjAAI","2020-01-24T21:56:41.000Z","0056g000003hlBjAAI","","","","","","","false","true","42177182337892182","","","","",""
"a2G6g000000kCvEEAU","0056g000003hlBjAAI","","Deposits","2020-01-24T21:56:41.000Z","0056g000003hlBjAAI","2020-01-24T21:56:41.000Z","0056g000003hlBjAAI","","","","","","","false","true","42177182337892183","","","","",""
"a2G6g000000kCvFEAU","0056g000003hlBjAAI","","pp-tn-review-detail","2020-01-24T21:56:41.000Z","0056g000003hlBjAAI","2020-01-24T21:56:41.000Z","0056g000003hlBjAAI","","","","","","","false","true","42623826249591830","","","","",""
"a2G6g000000kCvGEAU","0056g000003hlBjAAI","","Credit Actions New Package Details","2020-01-24T21:56:41.000Z","0056g000003hlBjAAI","2020-01-24T21:56:41.000Z","0056g000003hlBjAAI","","","","","","","false","true","42288156731909944","","","","",""
"a2G6g000000kCvHEAU","0056g000003hlBjAAI","","Supplementary Details","2020-01-24T21:56:41.000Z","0056g000003hlBjAAI","2020-04-14T20:06:37.000Z","0056g000003hlBjAAI","","","","","","","false","true","67781586894797140","","","","",""
"a2G6g000000kCvIEAU","0056g000003hlHUAAY","","Manage Budget Screen","2020-01-24T21:56:41.000Z","0056g000003hlHUAAY","2020-01-24T21:56:41.000Z","0056g000003hlHUAAY","","","","","","","false","true","42622713689821035","","","","",""
"a2G6g000000kCvJEAU","0056g000003hlHUAAY","","Draw Overview Screen","2020-01-24T21:56:41.000Z","0056g000003hlHUAAY","2020-01-24T21:56:41.000Z","0056g000003hlHUAAY","","","","","","","false","true","42189632957882651","","","","",""
"a2G6g000000kCvKEAU","0056g000003hlHUAAY","","Draw History Screen","2020-01-24T21:56:41.000Z","0056g000003hlHUAAY","2020-01-24T21:56:41.000Z","0056g000003hlHUAAY","","","","","","","false","true","42419863457011593","","","","",""
"a2G6g000000kCvLEAU","0056g000003hlBjAAI","","Narrative Booked","2020-01-24T21:56:41.000Z","0056g000003hlBjAAI","2021-04-15T18:06:17.000Z","0054v00000EIZAcAAP","","","","","","","false","true","a2G6g000000kCvLEAU","","","","",""
"a2G6g000000kCvMEAU","0056g000003hlBjAAI","","Booked Information Booked","2020-01-24T21:56:41.000Z","0056g000003hlBjAAI","2021-04-15T18:06:17.000Z","0054v00000EIZAcAAP","","","","","","","false","true","a2G6g000000kCvMEAU","","","","",""
"a2G6g000000kCvNEAU","0056g000003hlBjAAI","","Balance Details Booked","2020-01-24T21:56:41.000Z","0056g000003hlBjAAI","2021-04-15T18:06:18.000Z","0054v00000EIZAcAAP","","","","","","","false","true","a2G6g000000kCvNEAU","","","","",""
"a2G6g000000kCvOEAU","0056g000003hlBjAAI","","Editable Fields","2020-01-24T21:56:41.000Z","0056g000003hlBjAAI","2020-04-14T20:06:37.000Z","0056g000003hlBjAAI","","","","","","","false","true","24201586894797140","","","","",""
"a2G6g000000kCvPEAU","0056g000003hlBjAAI","","Treasury Service Details","2020-01-24T21:56:41.000Z","0056g000003hlBjAAI","2020-01-24T21:56:41.000Z","0056g000003hlBjAAI","","","","","","","false","true","42634238437115000","","","","",""
"a2G6g000000kCvQEAU","0056g000003hlBjAAI","","Booked Details","2020-01-24T21:56:41.000Z","0056g000003hlBjAAI","2020-01-24T21:56:41.000Z","0056g000003hlBjAAI","","","","","","","false","true","XXX44432723848796","","","","",""
"a2G6g000000kCvREAU","0056g000003hlBjAAI","","Memos Booked","2020-01-24T21:56:41.000Z","0056g000003hlBjAAI","2021-04-15T18:06:20.000Z","0054v00000EIZAcAAP","","","","","","","false","true","a2G6g000000kCvREAU","","","","",""
"a2G6g000000mc8KEAQ","0056g000003hlBjAAI","","Certifications","2020-04-14T20:07:30.000Z","0056g000003hlBjAAI","2020-04-14T20:07:30.000Z","0056g000003hlBjAAI","","","","","","","false","true","03671586894850110","","","","",""
"a2G6g000000mc8LEAQ","0056g000003hlBjAAI","","Enhanced Fees Management","2020-04-14T20:07:30.000Z","0056g000003hlBjAAI","2020-04-14T20:07:30.000Z","0056g000003hlBjAAI","","","","","","","false","true","20061586894850111","","","","",""
"a2G6g000000mc8MEAQ","0056g000003hlHbAAI","","Third Party Management","2020-04-14T20:07:30.000Z","0056g000003hlBjAAI","2020-04-14T20:07:30.000Z","0056g000003hlBjAAI","","","","","","","false","true","42701586894850111","","","","",""
"a2G6g000000mc8NEAQ","0056g000003hlBjAAI","","Borrowing Structure Information","2020-04-14T20:07:30.000Z","0056g000003hlBjAAI","2020-04-14T20:07:30.000Z","0056g000003hlBjAAI","","","","","","","false","true","38021586894850111","","","","",""
"a2G6g000000mc8OEAQ","0056g000003hlBjAAI","","Collateral2","2020-04-14T20:07:30.000Z","0056g000003hlBjAAI","2020-04-14T20:07:30.000Z","0056g000003hlBjAAI","","","","","","","false","true","04421586894850112","","","","",""
"a2G6g000000mc8PEAQ","0056g000003hlBjAAI","","Pricing Required Fields","2020-04-14T20:07:30.000Z","0056g000003hlBjAAI","2020-04-14T20:07:30.000Z","0056g000003hlBjAAI","","","","","","","false","true","17731586894850112","","","","",""
"a2G6g000000mc8QEAQ","0056g000003hlBjAAI","","Rate Structure","2020-04-14T20:07:30.000Z","0056g000003hlBjAAI","2020-04-14T20:07:30.000Z","0056g000003hlBjAAI","","","","","","","false","true","30911586894850112","","","","",""
"a2G6g000000mc8REAQ","0056g000003hlBjAAI","","Payment Structure","2020-04-14T20:07:30.000Z","0056g000003hlBjAAI","2020-04-14T20:07:30.000Z","0056g000003hlBjAAI","","","","","","","false","true","84281586894850112","","","","",""
"a2G6g000000mc8SEAQ","0056g000003hlBjAAI","","Risk Rating","2020-04-14T20:07:30.000Z","0056g000003hlBjAAI","2020-04-14T20:07:30.000Z","0056g000003hlBjAAI","","","","","","","false","true","06091586894850112","","","","",""
"a2G6g000000mc8TEAQ","0056g000003hlBjAAI","","Change Memo","2020-04-14T20:07:30.000Z","0056g000003hlBjAAI","2020-04-14T20:07:30.000Z","0056g000003hlBjAAI","","","","","","","false","true","58421586894850113","","","","",""
"a2G6g000000mc8UEAQ","0056g000003hlBjAAI","","Fees Summary","2020-04-14T20:07:30.000Z","0056g000003hlBjAAI","2020-04-14T20:07:30.000Z","0056g000003hlBjAAI","","","","","","","false","true","29951586894850113","","","","",""
"a2G6g000000mc8VEAQ","0056g000003hlBjAAI","","Team Members","2020-04-14T20:07:30.000Z","0056g000003hlBjAAI","2020-04-14T20:07:30.000Z","0056g000003hlBjAAI","","","","","","","false","true","96821586894850113","","","","",""
"a2G6g000000mc8WEAQ","0056g000003hlBjAAI","","Fees Approved","2020-04-14T20:07:30.000Z","0056g000003hlBjAAI","2020-04-14T20:07:30.000Z","0056g000003hlBjAAI","","","","","","","false","true","87341586894850113","","","","",""
"a2G6g000000mc8XEAQ","0056g000003hlBjAAI","","Third Party Reports","2020-04-14T20:07:30.000Z","0056g000003hlBjAAI","2020-04-14T20:07:30.000Z","0056g000003hlBjAAI","","","","","","","false","true","89211586894850113","","","","",""
"a2G6g000000mc8YEAQ","0056g000003hlBjAAI","","Approved Details","2020-04-14T20:07:30.000Z","0056g000003hlBjAAI","2020-04-14T20:07:30.000Z","0056g000003hlBjAAI","","","","","","","false","true","45781586894850114","","","","",""
"a2G6g000000mc8ZEAQ","0056g000003hlBjAAI","","Participations","2020-04-14T20:07:30.000Z","0056g000003hlBjAAI","2020-04-14T20:07:30.000Z","0056g000003hlBjAAI","","","","","","","false","true","35971586894850114","","","","",""
"a2G6g000000mc8aEAA","0056g000003hlBjAAI","","Pricing Approved","2020-04-14T20:07:30.000Z","0056g000003hlBjAAI","2020-04-14T20:07:30.000Z","0056g000003hlBjAAI","","","","","","","false","true","81881586894850114","","","","",""
"a2G6g000000mc8bEAA","0056g000003hlBjAAI","","Loan Team Member Information","2020-04-14T20:07:30.000Z","0056g000003hlBjAAI","2020-04-14T20:07:30.000Z","0056g000003hlBjAAI","","","","","","","false","true","03751586894850114","","","","",""
"a2G6g000000mc8cEAA","0056g000003hlBjAAI","","Balance Details","2020-04-14T20:07:30.000Z","0056g000003hlBjAAI","2020-04-14T20:07:30.000Z","0056g000003hlBjAAI","","","","","","","false","true","32701586894850115","","","","",""
"a2G6g000000mc8dEAA","0056g000003hlBjAAI","","Booked Information","2020-04-14T20:07:30.000Z","0056g000003hlBjAAI","2020-04-14T20:07:30.000Z","0056g000003hlBjAAI","","","","","","","false","true","23001586894850115","","","","",""
"a2G6g000000mc8eEAA","0056g000003hlBjAAI","","CRA Screen","2020-04-14T20:07:30.000Z","0056g000003hlBjAAI","2020-04-14T20:07:30.000Z","0056g000003hlBjAAI","","","","","","","false","true","84411586894850115","","","","",""
"a2G6g000000mc8fEAA","0056g000003hlBjAAI","","Loan Dashboard Summary Screen","2020-04-14T20:07:30.000Z","0056g000003hlBjAAI","2020-04-14T20:07:30.000Z","0056g000003hlBjAAI","","","","","","","false","true","38341586894850115","","","","",""
"a2G6g000000mc8gEAA","0056g000003hlBjAAI","","HMDA Screen 1","2020-04-14T20:07:30.000Z","0056g000003hlBjAAI","2020-04-14T20:07:30.000Z","0056g000003hlBjAAI","","","","","","","false","true","76421586894850115","","","","",""
"a2G6g000000mc8hEAA","0056g000003hlBjAAI","","Loan Details","2020-04-14T20:07:30.000Z","0056g000003hlBjAAI","2020-04-14T20:07:30.000Z","0056g000003hlBjAAI","","","","","","","false","true","55181586894850116","","","","",""
"a2G6g000000mc8iEAA","0056g000003hlBjAAI","","Pricing","2020-04-14T20:07:30.000Z","0056g000003hlBjAAI","2020-04-14T20:07:30.000Z","0056g000003hlBjAAI","","","","","","","false","true","89161586894850116","","","","",""
"a2G6g000000mc8jEAA","0056g000003hlBjAAI","","Referral","2020-04-14T20:07:30.000Z","0056g000003hlBjAAI","2020-04-14T20:07:30.000Z","0056g000003hlBjAAI","","","","","","","false","true","89751586894850116","","","","",""
"a2G6g000000mc8kEAA","0056g000003hlBjAAI","","Budget Details","2020-04-14T20:07:30.000Z","0056g000003hlBjAAI","2020-04-14T20:07:30.000Z","0056g000003hlBjAAI","","","","","","","false","true","69901586894850116","","","","",""
"a2G6g000000mc8lEAA","0056g000003hlBjAAI","","Entity Compliance Screen","2020-04-14T20:07:30.000Z","0056g000003hlBjAAI","2020-04-14T20:07:30.000Z","0056g000003hlBjAAI","","","","","","","false","true","64561586894850116","","","","",""
"a2G6g000000mc8mEAA","0056g000003hlBjAAI","","Loan Compliance Screen","2020-04-14T20:07:30.000Z","0056g000003hlBjAAI","2020-04-14T20:07:30.000Z","0056g000003hlBjAAI","","","","","","","false","true","96691586894850117","","","","",""
"a2G6g000000mc8nEAA","0056g000003hlBjAAI","","Entity Compliance Screen","2020-04-14T20:07:30.000Z","0056g000003hlBjAAI","2020-04-14T20:07:30.000Z","0056g000003hlBjAAI","","","","","","","false","true","27711586894850117","","","","",""
"a2G6g000000mc8oEAA","0056g000003hlBjAAI","","Loan Compliance Screen","2020-04-14T20:07:30.000Z","0056g000003hlBjAAI","2020-04-14T20:07:30.000Z","0056g000003hlBjAAI","","","","","","","false","true","49901586894850117","","","","",""
"a2G6g000000mc8pEAA","0056g000003hlBjAAI","","Supplementary Details","2020-04-14T20:07:30.000Z","0056g000003hlBjAAI","2020-04-14T20:07:30.000Z","0056g000003hlBjAAI","","","","","","","false","true","83821586894850117","","","","",""
"a2G6g000000mc8qEAA","0056g000003hlHUAAY","","Manage Budget Screen","2020-04-14T20:07:30.000Z","0056g000003hlBjAAI","2020-04-14T20:07:30.000Z","0056g000003hlBjAAI","","","","","","","false","true","71521586894850117","","","","",""
"a2G6g000000mc8rEAA","0056g000003hlHUAAY","","Draw Overview Screen","2020-04-14T20:07:30.000Z","0056g000003hlBjAAI","2020-04-14T20:07:30.000Z","0056g000003hlBjAAI","","","","","","","false","true","83761586894850118","","","","",""
"a2G6g000000mc8sEAA","0056g000003hlHUAAY","","Draw History Screen","2020-04-14T20:07:30.000Z","0056g000003hlBjAAI","2020-04-14T20:07:30.000Z","0056g000003hlBjAAI","","","","","","","false","true","15491586894850118","","","","",""
"a2G6g000000mc8tEAA","0056g000003hlBjAAI","","Editable Fields","2020-04-14T20:07:30.000Z","0056g000003hlBjAAI","2020-04-14T20:07:30.000Z","0056g000003hlBjAAI","","","","","","","false","true","19301586894850118","","","","",""
"a2G6g000000mc8uEAA","0056g000003hlBjAAI","","Product Package Collateral2","2020-04-14T20:10:14.000Z","0056g000003hlBjAAI","2020-04-14T20:10:14.000Z","0056g000003hlBjAAI","","","","","","","false","true","70191586895014419","","","","",""
"a2G6g000000mc8vEAA","0056g000003hlBjAAI","","Package Details","2020-04-14T20:10:14.000Z","0056g000003hlBjAAI","2020-04-14T20:10:14.000Z","0056g000003hlBjAAI","","","","","","","false","true","73631586895014420","","","","",""
"a2G6g000000mc8wEAA","0056g000003hlBjAAI","","Deposits","2020-04-14T20:10:14.000Z","0056g000003hlBjAAI","2020-04-14T20:10:14.000Z","0056g000003hlBjAAI","","","","","","","false","true","50411586895014420","","","","",""
"a2G6g000000mc8xEAA","0056g000003hlBjAAI","","pp-tn-review-detail","2020-04-14T20:10:14.000Z","0056g000003hlBjAAI","2020-04-14T20:10:14.000Z","0056g000003hlBjAAI","","","","","","","false","true","33101586895014420","","","","",""
"a2G6g000000mc8yEAA","0056g000003hlBjAAI","","Credit Actions New Package Details","2020-04-14T20:10:14.000Z","0056g000003hlBjAAI","2020-04-14T20:10:14.000Z","0056g000003hlBjAAI","","","","","","","false","true","71151586895014420","","","","",""
"a2G6g000000mcadEAA","0056g000003hlBjAAI","","Total Exposure Screen","2020-04-15T21:37:09.000Z","0056g000003hlBjAAI","2020-04-15T21:37:09.000Z","0056g000003hlBjAAI","","","","","","","false","true","45241586986629527","","","","",""
"a2G6g000000mcaeEAA","0056g000003hlBjAAI","","Loan Products","2020-04-15T21:37:09.000Z","0056g000003hlBjAAI","2020-04-15T21:37:09.000Z","0056g000003hlBjAAI","","","","","","","false","true","49721586986629527","","","","",""
"a2G6g000000mcafEAA","0056g000003hlBjAAI","","Deposit Products","2020-04-15T21:37:09.000Z","0056g000003hlBjAAI","2020-04-15T21:37:09.000Z","0056g000003hlBjAAI","","","","","","","false","true","91081586986629527","","","","",""
